url,Prices,Model_Name
https://www.trocafone.com/vender/iphone/iphone-4g/11-iphone-4g-16gb-branco,35,iPhone 4G 16GB Branco
https://www.trocafone.com/vender/iphone/iphone-6s-plus/501-iphone-6s-plus-128gb-cinza-espacial,923,iPhone 6S Plus 128GB Cinza Espacial
https://www.trocafone.com/vender/iphone/7/708-iphone-7-128gb-dourado,946,iPhone 7 128GB Dourado
https://www.trocafone.com/vender/iphone/7-plus/726-iphone-7-plus-128gb-dourado,1156,iPhone 7 Plus 128GB Dourado
https://www.trocafone.com/vender/iphone/iphone-8/950-iphone-8-256gb-cinza-espacial,1890,iPhone 8 256GB Cinza Espacial
https://www.trocafone.com/vender/iphone/iphone-8-plus/958-iphone-8-plus-256gb-cinza-espacial,2127,iPhone 8 Plus 256GB Cinza Espacial
https://www.trocafone.com/vender/samsung/galaxy-gran-prime-3g-duos/424-samsung-galaxy-gran-prime-3g-duos-8gb-branco,40,Samsung Galaxy Gran Prime 3G Duos 8GB Branco
https://www.trocafone.com/vender/iphone/6-plus/174-iphone-6-plus-64gb-prateado,689,Iphone 6 Plus 64GB Prateado
https://www.trocafone.com/vender/iphone/6-plus/176-iphone-6-plus-64gb-dourado,689,Iphone 6 Plus 64GB Dourado
https://www.trocafone.com/vender/iphone/6-plus/175-iphone-6-plus-64gb-cinza-espacial,689,Iphone 6 Plus 64GB Cinza Espacial
https://www.trocafone.com/vender/iphone/6-plus/171-iphone-6-plus-16gb-prateado,646,Iphone 6 Plus 16GB Prateado
https://www.trocafone.com/vender/iphone/6-plus/173-iphone-6-plus-16gb-dourado,646,Iphone 6 Plus 16GB Dourado
https://www.trocafone.com/vender/iphone/6-plus/172-iphone-6-plus-16gb-cinza-espacial,646,Iphone 6 Plus 16GB Cinza Espacial
https://www.trocafone.com/vender/iphone/6-plus/177-iphone-6-plus-128gb-prateado,747,Iphone 6 Plus 128GB Prateado
https://www.trocafone.com/vender/samsung/galaxy-tab-3-101-wifi/292-samsung-galaxy-tab-3-101-wi-fi-branco,106,Samsung Galaxy Tab 3 10.1 Wi-Fi Branco
https://www.trocafone.com/vender/samsung/galaxy-tab-3-101-wifi-3g/291-samsung-galaxy-tab-3-101-wi-fi-3g-branco,234,Samsung Galaxy Tab 3 10.1 Wi-Fi + 3G Branco
https://www.trocafone.com/vender/motorola/moto-e-2a-geracao-3g-dual/622-motorola-moto-e2-16gb-3g-dual-branco,84,Motorola Moto E2 16GB 3G Dual Branco
https://www.trocafone.com/vender/lenovo/vibe-a7010-dual-chip/539-lenovo-vibe-a7010-dual-chip-branco,207,Lenovo Vibe A7010 Dual Chip Branco
https://www.trocafone.com/vender/ipad/2-wi-fi/181-ipad-2-wi-fi-16gb-branco,79,iPad 2 Wi-Fi 16GB Branco
https://www.trocafone.com/vender/samsung/galaxy-gran-neo-duos/896-samsung-galaxy-gran-neo-duos-preto,50,Samsung Galaxy Gran Neo Duos Preto
https://www.trocafone.com/vender/samsung/galaxy-gran-neo-plus-duos/898-samsung-galaxy-gran-neo-plus-duos-preto,60,Samsung Galaxy Gran Neo Plus Duos Preto
https://www.trocafone.com/vender/samsung/galaxy-gran-prime-3g-duos/439-samsung-galaxy-gran-prime-3g-duos-8gb-cinza,40,Samsung Galaxy Gran Prime 3G Duos 8GB Cinza
https://www.trocafone.com/vender/asus/zenfone-3-max-32gb/925-asus-zenfone-3-max-32-gb-cinza,140,Asus Zenfone 3 Max 32 GB Cinza
https://www.trocafone.com/vender/samsung/galaxy-s8/906-samsung-galaxy-s8-preto,814,Samsung Galaxy S8 Preto
https://www.trocafone.com/vender/samsung/galaxy-s8/904-samsung-galaxy-s8-prata,814,Samsung Galaxy S8 Prata
https://www.trocafone.com/vender/samsung/galaxy-s8/1021-samsung-galaxy-s8-dourado,814,Samsung Galaxy S8 Dourado
https://www.trocafone.com/vender/samsung/galaxy-s8-plus/907-samsung-galaxy-s8-plus-64gb-preto,909,Samsung Galaxy S8 Plus 64GB Preto
https://www.trocafone.com/vender/samsung/galaxy-s8-plus/909-samsung-galaxy-s8-plus-64gb-prata,909,Samsung Galaxy S8 Plus 64GB Prata
https://www.trocafone.com/vender/samsung/galaxy-s8-plus/945-samsung-galaxy-s8-plus-64gb-dourado,909,Samsung Galaxy S8 Plus 64GB Dourado
https://www.trocafone.com/vender/samsung/galaxy-s8-plus/908-samsung-galaxy-s8-plus-64gb-ametista,909,Samsung Galaxy S8 Plus 64GB Ametista
https://www.trocafone.com/vender/lg/lg-nexus-5-d821/387-lg-nexus-5-d821-vermelho,207,LG Nexus 5 D821 Vermelho
https://www.trocafone.com/vender/lg/lg-nexus-5-d821/386-lg-nexus-5-d821-preto,207,LG Nexus 5 D821 Preto
https://www.trocafone.com/vender/lg/prime-plus-h522/459-lg-prime-plus-h522-titanio,107,LG Prime Plus H522 Titanio
https://www.trocafone.com/vender/asus/zenfone-3-max-32gb/927-asus-zenfone-3-max-32-gb-rosa,140,Asus Zenfone 3 Max 32 GB Rosa
https://www.trocafone.com/vender/asus/zenfone-3-max-32gb/926-asus-zenfone-3-max-32-gb-prata,140,Asus Zenfone 3 Max 32 GB Prata
https://www.trocafone.com/vender/asus/zenfone-3-max-32gb/924-asus-zenfone-3-max-32-gb-dourado,140,Asus Zenfone 3 Max 32 GB Dourado
https://www.trocafone.com/vender/lg/lg-nexus-5-d821/385-lg-nexus-5-d821-branco,207,LG Nexus 5 D821 Branco
https://www.trocafone.com/vender/lg/prime-plus-h522/458-lg-prime-plus-h522-branco,107,LG Prime Plus H522 Branco
https://www.trocafone.com/vender/samsung/galaxy-tab-3-101-wifi/295-samsung-galaxy-tab-3-101-wi-fi-preto,106,Samsung Galaxy Tab 3 10.1 Wi-Fi Preto
https://www.trocafone.com/vender/samsung/galaxy-tab-3-101-wifi-3g/293-samsung-galaxy-tab-3-101-wi-fi-3g-preto,234,Samsung Galaxy Tab 3 10.1 Wi-Fi + 3G Preto
https://www.trocafone.com/vender/motorola/moto-e-2a-geracao-3g-dual/234-motorola-moto-e2-8gb-3g-dual-preto,84,Motorola Moto E2 8GB 3G Dual Preto
https://www.trocafone.com/vender/motorola/moto-e-2a-geracao-3g-dual/235-motorola-moto-e2-8gb-3g-dual-branco,84,Motorola Moto E2 8GB 3G Dual Branco
https://www.trocafone.com/vender/motorola/moto-e-2a-geracao-3g-dual/623-motorola-moto-e2-16gb-3g-dual-preto,84,Motorola Moto E2 16GB 3G Dual Preto
https://www.trocafone.com/vender/lenovo/vibe-a7010-dual-chip/538-lenovo-vibe-a7010-dual-chip-preto,207,Lenovo Vibe A7010 Dual Chip Preto
https://www.trocafone.com/vender/ipad/2-wi-fi/184-ipad-2-wi-fi-64gb-preto,114,iPad 2 Wi-Fi 64GB Preto
https://www.trocafone.com/vender/ipad/2-wi-fi/185-ipad-2-wi-fi-64gb-branco,114,iPad 2 Wi-Fi 64GB Branco
https://www.trocafone.com/vender/ipad/2-wi-fi/182-ipad-2-wi-fi-32gb-preto,105,iPad 2 Wi-Fi 32GB Preto
https://www.trocafone.com/vender/ipad/2-wi-fi/183-ipad-2-wi-fi-32gb-branco,105,iPad 2 Wi-Fi 32GB Branco
https://www.trocafone.com/vender/ipad/2-wi-fi/180-ipad-2-wi-fi-16gb-preto,79,iPad 2 Wi-Fi 16GB Preto
https://www.trocafone.com/vender/samsung/galaxy-s8/905-samsung-galaxy-s8-ametista,814,Samsung Galaxy S8 Ametista
https://www.trocafone.com/vender/samsung/galaxy-s8-plus/941-samsung-galaxy-s8-plus-128gb-preto,1065,Samsung Galaxy S8 Plus 128GB Preto
https://www.trocafone.com/vender/samsung/samsung-gran-prime-duos-tv/365-samsung-galaxy-gran-prime-duos-tv-preto,30,Samsung Galaxy Gran Prime Duos TV Preto
https://www.trocafone.com/vender/samsung/samsung-gran-prime-duos-tv/366-samsung-galaxy-gran-prime-duos-tv-dourado,30,Samsung Galaxy Gran Prime Duos TV Dourado
https://www.trocafone.com/vender/samsung/samsung-gran-prime-duos-tv/595-samsung-galaxy-gran-prime-duos-tv-cinza,30,Samsung Galaxy Gran Prime Duos TV Cinza
https://www.trocafone.com/vender/samsung/galaxy-grand-duos-i9082/150-samsung-galaxy-grand-duos-i9082-preto,30,Samsung Galaxy Grand Duos i9082 Preto
https://www.trocafone.com/vender/samsung/galaxy-grand-duos-i9082/151-samsung-galaxy-grand-duos-i9082-branco,30,Samsung Galaxy Grand Duos i9082 Branco
https://www.trocafone.com/vender/samsung/galaxy-j1-2016/514-samsung-galaxy-j1-2016-preto,30,Samsung Galaxy J1 2016 Preto
https://www.trocafone.com/vender/samsung/galaxy-j1-2016/515-samsung-galaxy-j1-2016-dourado,30,Samsung Galaxy J1 2016 Dourado
https://www.trocafone.com/vender/samsung/galaxy-j1-mini/508-samsung-galaxy-j1-mini-preto,30,Samsung Galaxy J1 Mini Preto
https://www.trocafone.com/vender/samsung/galaxy-j1-mini/509-samsung-galaxy-j1-mini-dourado,30,Samsung Galaxy J1 Mini Dourado
https://www.trocafone.com/vender/samsung/galaxy-a3-2016/762-samsung-galaxy-a3-2016-rose,171,Samsung Galaxy A3 2016 Rose
https://www.trocafone.com/vender/samsung/galaxy-a3-2016/664-samsung-galaxy-a3-2016-preto,171,Samsung Galaxy A3 2016 Preto
https://www.trocafone.com/vender/samsung/galaxy-gran-neo-duos/895-samsung-galaxy-gran-neo-duos-branco,50,Samsung Galaxy Gran Neo Duos Branco
https://www.trocafone.com/vender/samsung/galaxy-gran-neo-plus-duos/897-samsung-galaxy-gran-neo-plus-duos-branco,60,Samsung Galaxy Gran Neo Plus Duos Branco
https://www.trocafone.com/vender/iphone/6-plus/179-iphone-6-plus-128gb-dourado,747,Iphone 6 Plus 128GB Dourado
https://www.trocafone.com/vender/samsung/samsung-gran-prime-duos-tv/364-samsung-galaxy-gran-prime-duos-tv-branco,30,Samsung Galaxy Gran Prime Duos TV Branco
https://www.trocafone.com/vender/samsung/galaxy-grand-duos-i9082/157-samsung-galaxy-grand-duos-i9082-azul,30,Samsung Galaxy Grand Duos i9082 Azul
https://www.trocafone.com/vender/samsung/galaxy-j1-2016/513-samsung-galaxy-j1-2016-branco,30,Samsung Galaxy J1 2016 Branco
https://www.trocafone.com/vender/samsung/galaxy-j1-mini/507-samsung-galaxy-j1-mini-branco,30,Samsung Galaxy J1 Mini Branco
https://www.trocafone.com/vender/samsung/galaxy-a3-2016/665-samsung-galaxy-a3-2016-dourado,171,Samsung Galaxy A3 2016 Dourado
https://www.trocafone.com/vender/iphone/7/704-iphone-7-32gb-preto-matte,900,iPhone 7 32GB Preto Matte
https://www.trocafone.com/vender/iphone/7-plus/719-iphone-7-plus-32gb-preto-matte,1055,iPhone 7 Plus 32GB Preto Matte
https://www.trocafone.com/vender/iphone/6s/636-iphone-6s-32gb-prateado,704,iPhone 6s 32GB Prateado
https://www.trocafone.com/vender/iphone/6s/637-iphone-6s-32gb-ouro-rosa,704,iPhone 6s 32GB Ouro Rosa
https://www.trocafone.com/vender/iphone/6s/635-iphone-6s-32gb-cinza-espacial,704,iPhone 6s 32GB Cinza Espacial
https://www.trocafone.com/vender/iphone/6s/483-iphone-6s-64gb-prateado,719,iPhone 6S 64GB Prateado
https://www.trocafone.com/vender/iphone/6s/486-iphone-6s-64gb-ouro-rosa,719,iPhone 6S 64GB Ouro Rosa
https://www.trocafone.com/vender/iphone/6s/484-iphone-6s-64gb-dourado,719,iPhone 6S 64GB Dourado
https://www.trocafone.com/vender/iphone/6s/485-iphone-6s-64gb-cinza-espacial,719,iPhone 6S 64GB Cinza Espacial
https://www.trocafone.com/vender/iphone/6s/479-iphone-6s-16gb-prateado,652,iPhone 6S 16GB Prateado
https://www.trocafone.com/vender/iphone/6s/482-iphone-6s-16gb-ouro-rosa,652,iPhone 6S 16GB Ouro Rosa
https://www.trocafone.com/vender/iphone/6s/480-iphone-6s-16gb-dourado,652,iPhone 6S 16GB Dourado
https://www.trocafone.com/vender/iphone/6s/487-iphone-6s-128gb-prateado,772,iPhone 6S 128GB Prateado
https://www.trocafone.com/vender/iphone/6s/490-iphone-6s-128gb-ouro-rosa,772,iPhone 6S 128GB Ouro Rosa
https://www.trocafone.com/vender/iphone/6s/488-iphone-6s-128gb-dourado,772,iPhone 6S 128GB Dourado
https://www.trocafone.com/vender/iphone/6s/489-iphone-6s-128gb-cinza-espacial,772,iPhone 6S 128GB Cinza Espacial
https://www.trocafone.com/vender/iphone/6s/634-iphone-6s-32gb-dourado,704,Iphone 6s 32GB Dourado
https://www.trocafone.com/vender/iphone/iphone-se/578-iphone-se-64gb-prateado,445,iPhone SE 64GB Prateado
https://www.trocafone.com/vender/iphone/iphone-se/581-iphone-se-64gb-ouro-rosa,445,iPhone SE 64GB Ouro Rosa
https://www.trocafone.com/vender/iphone/iphone-se/579-iphone-se-64gb-dourado,445,iPhone SE 64GB Dourado
https://www.trocafone.com/vender/iphone/iphone-se/580-iphone-se-64gb-cinza-espacial,445,iPhone SE 64GB Cinza Espacial
https://www.trocafone.com/vender/iphone/iphone-se/928-iphone-se-32gb-prateado,441,iPhone SE 32GB Prateado
https://www.trocafone.com/vender/iphone/iphone-se/930-iphone-se-32gb-ouro-rosa,441,iPhone SE 32GB Ouro Rosa
https://www.trocafone.com/vender/iphone/iphone-se/929-iphone-se-32gb-dourado,441,iPhone SE 32GB Dourado
https://www.trocafone.com/vender/iphone/iphone-se/931-iphone-se-32gb-cinza-espacial,441,iPhone SE 32GB Cinza Espacial
https://www.trocafone.com/vender/iphone/iphone-se/574-iphone-se-16gb-prateado,437,iPhone SE 16GB Prateado
https://www.trocafone.com/vender/iphone/iphone-se/577-iphone-se-16gb-ouro-rosa,437,iPhone SE 16GB Ouro Rosa
https://www.trocafone.com/vender/iphone/iphone-se/575-iphone-se-16gb-dourado,437,iPhone SE 16GB Dourado
https://www.trocafone.com/vender/iphone/iphone-se/576-iphone-se-16gb-cinza-espacial,437,iPhone SE 16GB Cinza Espacial
https://www.trocafone.com/vender/iphone/iphone-se/934-iphone-se-128gb-prateado,498,iPhone SE 128GB Prateado
https://www.trocafone.com/vender/iphone/iphone-se/935-iphone-se-128gb-ouro-rosa,498,iPhone SE 128GB Ouro Rosa
https://www.trocafone.com/vender/iphone/iphone-se/933-iphone-se-128gb-dourado,498,iPhone SE 128GB Dourado
https://www.trocafone.com/vender/iphone/6-plus/178-iphone-6-plus-128gb-cinza-espacial,747,Iphone 6 Plus 128GB Cinza Espacial
https://www.trocafone.com/vender/iphone/iphone-6s-plus/640-iphone-6s-plus-32gb-prateado,811,iPhone 6s Plus 32GB Prateado
https://www.trocafone.com/vender/iphone/iphone-6s-plus/641-iphone-6s-plus-32gb-ouro-rosa,811,iPhone 6s Plus 32GB Ouro Rosa
https://www.trocafone.com/vender/iphone/iphone-6s-plus/638-iphone-6s-plus-32gb-dourado,811,iPhone 6s Plus 32GB Dourado
https://www.trocafone.com/vender/iphone/iphone-6s-plus/639-iphone-6s-plus-32gb-cinza-espacial,811,iPhone 6s Plus 32GB Cinza Espacial
https://www.trocafone.com/vender/iphone/iphone-6s-plus/495-iphone-6s-plus-64gb-prateado,829,iPhone 6S Plus 64GB Prateado
https://www.trocafone.com/vender/iphone/iphone-6s-plus/498-iphone-6s-plus-64gb-ouro-rosa,829,iPhone 6S Plus 64GB Ouro Rosa
https://www.trocafone.com/vender/iphone/iphone-6s-plus/496-iphone-6s-plus-64gb-dourado,829,iPhone 6S Plus 64GB Dourado
https://www.trocafone.com/vender/iphone/iphone-6s-plus/497-iphone-6s-plus-64gb-cinza-espacial,829,iPhone 6S Plus 64GB Cinza Espacial
https://www.trocafone.com/vender/iphone/iphone-6s-plus/491-iphone-6s-plus-16gb-prateado,788,iPhone 6S Plus 16GB Prateado
https://www.trocafone.com/vender/iphone/iphone-6s-plus/494-iphone-6s-plus-16gb-ouro-rosa,788,iPhone 6S Plus 16GB Ouro Rosa
https://www.trocafone.com/vender/iphone/iphone-6s-plus/492-iphone-6s-plus-16gb-dourado,788,iPhone 6S Plus 16GB Dourado
https://www.trocafone.com/vender/iphone/iphone-6s-plus/493-iphone-6s-plus-16gb-cinza-espacial,788,iPhone 6S Plus 16GB Cinza Espacial
https://www.trocafone.com/vender/iphone/iphone-6s-plus/499-iphone-6s-plus-128gb-prateado,923,iPhone 6S Plus 128GB Prateado
https://www.trocafone.com/vender/iphone/iphone-6s-plus/502-iphone-6s-plus-128gb-ouro-rosa,923,iPhone 6S Plus 128GB Ouro Rosa
https://www.trocafone.com/vender/iphone/iphone-6s-plus/500-iphone-6s-plus-128gb-dourado,923,iPhone 6S Plus 128GB Dourado
https://www.trocafone.com/vender/iphone/7/710-iphone-7-32gb-prateado,900,iPhone 7 32GB Prateado
https://www.trocafone.com/vender/iphone/7/732-iphone-7-32gb-ouro-rosa,900,iPhone 7 32GB Ouro Rosa
https://www.trocafone.com/vender/iphone/7/707-iphone-7-32gb-dourado,900,iPhone 7 32GB Dourado
https://www.trocafone.com/vender/iphone/7/845-iphone-7-256gb-vermelho,998,iPhone 7 256GB Vermelho
https://www.trocafone.com/vender/iphone/7/706-iphone-7-256gb-preto-matte,998,iPhone 7 256GB Preto Matte
https://www.trocafone.com/vender/iphone/7/703-iphone-7-256gb-preto-brilhante,998,iPhone 7 256GB Preto Brilhante
https://www.trocafone.com/vender/iphone/7/712-iphone-7-256gb-prateado,998,iPhone 7 256GB Prateado
https://www.trocafone.com/vender/iphone/7/716-iphone-7-256gb-ouro-rosa,998,iPhone 7 256GB Ouro Rosa
https://www.trocafone.com/vender/iphone/7/709-iphone-7-256gb-dourado,998,iPhone 7 256GB Dourado
https://www.trocafone.com/vender/iphone/7/705-iphone-7-128gb-preto-matte,946,iPhone 7 128GB Preto Matte
https://www.trocafone.com/vender/iphone/7/702-iphone-7-128gb-preto-brilhante,946,iPhone 7 128GB Preto Brilhante
https://www.trocafone.com/vender/iphone/7/711-iphone-7-128gb-prateado,946,iPhone 7 128GB Prateado
https://www.trocafone.com/vender/iphone/7/715-iphone-7-128gb-ouro-rosa,946,iPhone 7 128GB Ouro Rosa
https://www.trocafone.com/vender/iphone/7-plus/722-iphone-7-plus-32gb-prateado,1055,iPhone 7 Plus 32GB Prateado
https://www.trocafone.com/vender/iphone/7-plus/733-iphone-7-plus-32gb-ouro-rosa,1055,iPhone 7 Plus 32GB Ouro Rosa
https://www.trocafone.com/vender/iphone/7-plus/725-iphone-7-plus-32gb-dourado,1055,iPhone 7 Plus 32GB Dourado
https://www.trocafone.com/vender/iphone/7-plus/718-iphone-7-plus-256gb-preto-brilhante,1262,iPhone 7 Plus 256GB Preto Brilhante
https://www.trocafone.com/vender/iphone/7-plus/846-iphone-7-plus-256gb-vermelho,1262,iPhone 7 Plus 256GB Vermelho
https://www.trocafone.com/vender/iphone/7-plus/721-iphone-7-plus-256gb-preto-matte,1262,iPhone 7 Plus 256GB Preto Matte
https://www.trocafone.com/vender/iphone/7-plus/724-iphone-7-plus-256gb-prateado,1262,iPhone 7 Plus 256GB Prateado
https://www.trocafone.com/vender/iphone/7-plus/731-iphone-7-plus-256gb-ouro-rosa,1262,iPhone 7 Plus 256GB Ouro Rosa
https://www.trocafone.com/vender/iphone/7-plus/727-iphone-7-plus-256gb-dourado,1262,iPhone 7 Plus 256GB Dourado
https://www.trocafone.com/vender/iphone/7-plus/847-iphone-7-plus-128gb-vermelho,1156,iPhone 7 Plus 128GB Vermelho
https://www.trocafone.com/vender/iphone/7-plus/717-iphone-7-plus-128gb-preto-brilhante,1156,iPhone 7 Plus 128GB Preto Brilhante
https://www.trocafone.com/vender/iphone/7-plus/723-iphone-7-plus-128gb-prateado,1156,iPhone 7 Plus 128GB Prateado
https://www.trocafone.com/vender/iphone/7-plus/730-iphone-7-plus-128gb-ouro-rosa,1156,iPhone 7 Plus 128GB Ouro Rosa
https://www.trocafone.com/vender/iphone/iphone-8/948-iphone-8-64gb-dourado,1540,iPhone 8 64GB Dourado
https://www.trocafone.com/vender/iphone/7-plus/720-iphone-7-plus-128gb-preto-matte,1156,iPhone 7 Plus 128GB Preto Matte
https://www.trocafone.com/vender/iphone/iphone-8/949-iphone-8-64gb-prateado,1540,iPhone 8 64GB Prateado
https://www.trocafone.com/vender/iphone/iphone-8/947-iphone-8-64gb-cinza-espacial,1540,iPhone 8 64GB Cinza Espacial
https://www.trocafone.com/vender/iphone/7/844-iphone-7-128gb-vermelho,946,iPhone 7 128GB Vermelho
https://www.trocafone.com/vender/iphone/iphone-8/951-iphone-8-256gb-prateado,1890,iPhone 8 256GB Prateado
https://www.trocafone.com/vender/iphone/iphone-8/952-iphone-8-256gb-dourado,1890,iPhone 8 256GB Dourado
https://www.trocafone.com/vender/iphone/iphone-8-plus/953-iphone-8-plus-64gb-cinza-espacial,1879,iPhone 8 Plus 64GB Cinza Espacial
https://www.trocafone.com/vender/iphone/iphone-8-plus/955-iphone-8-plus-64gb-prateado,1879,iPhone 8 Plus 64GB Prateado
https://www.trocafone.com/vender/iphone/iphone-8-plus/957-iphone-8-plus-256gb-prateado,2127,iPhone 8 Plus 256GB Prateado
https://www.trocafone.com/vender/iphone/iphone-8-plus/954-iphone-8-plus-64gb-dourado,1879,iPhone 8 Plus 64GB Dourado
https://www.trocafone.com/vender/iphone/6s/461-iphone-6s-16gb-cinza-espacial,652,Iphone 6S 16GB Cinza Espacial
https://www.trocafone.com/vender/iphone/iphone-8-plus/956-iphone-8-plus-256gb-dourado,2127,iPhone 8 Plus 256GB Dourado
https://www.trocafone.com/vender/iphone/iphone-se/932-iphone-se-128gb-cinza-espacial,498,iPhone SE 128GB Cinza Espacial
https://www.trocafone.com/vender/asus/zenfone-3-zoom/918-asus-zenfone-3-zoom-128gb-prata,520,Asus Zenfone 3 Zoom 128GB Prata
https://www.trocafone.com/vender/sony/xperia-z5/833-sony-xperia-z5-preto,441,Sony Xperia Z5 Preto
https://www.trocafone.com/vender/sony/xperia-z5/834-sony-xperia-z5-dourado,441,Sony Xperia Z5 Dourado
https://www.trocafone.com/vender/sony/xperia-z5/832-sony-xperia-z5-branco,441,Sony Xperia Z5 Branco
https://www.trocafone.com/vender/sony/xperia-z5-premium/837-sony-xperia-z5-premium-preto,465,Sony Xperia Z5 Premium Preto
https://www.trocafone.com/vender/sony/xperia-z5-premium/835-sony-xperia-z5-premium-cromo,465,Sony Xperia Z5 Premium Cromo
https://www.trocafone.com/vender/sony/xperia-z3-plus/678-sony-xperia-z3-plus-cobre,183,Sony Xperia Z3 Plus Cobre
https://www.trocafone.com/vender/sony/xperia-z3-plus/679-sony-xperia-z3-plus-verde-agua,183,Sony Xperia Z3 Plus Verde Água
https://www.trocafone.com/vender/sony/xperia-z3-plus/676-sony-xperia-z3-plus-preto,183,Sony Xperia Z3 Plus Preto
https://www.trocafone.com/vender/sony/xperia-m4-aqua-dual/903-sony-xperia-m4-aqua-dual-prata,225,Sony Xperia M4 Aqua Dual Prata
https://www.trocafone.com/vender/sony/xperia-m4-aqua-dual/840-sony-xperia-m4-aqua-dual-coral,225,Sony Xperia M4 Aqua Dual Coral
https://www.trocafone.com/vender/sony/xperia-m4-aqua-dual/839-sony-xperia-m4-aqua-dual-branco,225,Sony Xperia M4 Aqua Dual Branco
https://www.trocafone.com/vender/asus/zenfone-3-zoom/917-asus-zenfone-3-zoom-64gb-rosa,470,Asus Zenfone 3 Zoom 64GB Rosa
https://www.trocafone.com/vender/quantum/quantum-muv-pro/855-quantum-muv-pro-dourado,199,Quantum Muv Pro Dourado
https://www.trocafone.com/vender/quantum/quantum-muv-pro/854-quantum-muv-pro-azul-escuro,199,Quantum Muv Pro Azul Escuro
https://www.trocafone.com/vender/sony/xperia-m4-aqua-dual/838-sony-xperia-m4-aqua-dual-preto,225,Sony Xperia M4 Aqua Dual Preto
https://www.trocafone.com/vender/lg/lg-k10/810-lg-k10-tv-dourado,81,LG K10 TV Dourado
https://www.trocafone.com/vender/lg/lg-k10/809-lg-k10-tv-branco,81,LG K10 TV Branco
https://www.trocafone.com/vender/sony/xperia-z5-premium/836-sony-xperia-z5-premium-dourado,465,Sony Xperia Z5 Premium Dourado
https://www.trocafone.com/vender/lg/lg-k4/806-lg-k4-indigo,60,LG K4 Indigo
https://www.trocafone.com/vender/lg/lg-k10/811-lg-k10-tv-indigo,81,LG K10 TV Indigo
https://www.trocafone.com/vender/lg/l-prime-d337/648-lg-l-prime-d337-preto,72,LG L Prime D337 Preto
https://www.trocafone.com/vender/quantum/go-4g/689-quantum-go-4g-16gb-cinza,155,Quantum GO 4G 16GB Cinza
https://www.trocafone.com/vender/quantum/go-4g/691-quantum-go-4g-16gb-branco,155,Quantum GO 4G 16GB Branco
https://www.trocafone.com/vender/quantum/quantum-muv/853-quantum-muv-rosa,182,Quantum Muv Rosa
https://www.trocafone.com/vender/quantum/quantum-muv-pro/856-quantum-muv-pro-rosa,199,Quantum Muv Pro Rosa
https://www.trocafone.com/vender/quantum/quantum-muv/851-quantum-muv-dourado,182,Quantum Muv Dourado
https://www.trocafone.com/vender/quantum/go-4g/694-quantum-go-4g-32gb-dourado,171,Quantum GO 4G 32GB Dourado
https://www.trocafone.com/vender/quantum/go-4g/693-quantum-go-4g-32gb-cinza,171,Quantum GO 4G 32GB Cinza
https://www.trocafone.com/vender/quantum/go-4g/692-quantum-go-4g-32gb-branco,171,Quantum GO 4G 32GB Branco
https://www.trocafone.com/vender/quantum/go-4g/690-quantum-go-4g-16gb-dourado,155,Quantum GO 4G 16GB Dourado
https://www.trocafone.com/vender/quantum/quantum-muv/852-quantum-muv-azul-escuro,182,Quantum Muv Azul Escuro
https://www.trocafone.com/vender/lg/lg-l80-dual/894-lg-l80-dual-preto,44,LG L80 Dual Preto
https://www.trocafone.com/vender/lg/lg-k4/805-lg-k4-branco,60,LG K4 Branco
https://www.trocafone.com/vender/lg/lg-k8/808-lg-k8-indigo,80,LG K8 Indigo
https://www.trocafone.com/vender/lg/l-prime-d337/452-lg-l-prime-d337-branco,72,LG L Prime D337 Branco
https://www.trocafone.com/vender/lg/lg-l80-dual/893-lg-l80-dual-branco,44,LG L80 Dual Branco
https://www.trocafone.com/vender/sony/xperia-z2/911-sony-xperia-z2-roxo,247,Sony Xperia Z2 Roxo
https://www.trocafone.com/vender/sony/sony-z3-compact/421-sony-xperia-z3-compact-vermelho,160,Sony Xperia Z3 Compact Vermelho
https://www.trocafone.com/vender/lg/lg-k8/807-lg-k8-dourado,80,LG K8 Dourado
https://www.trocafone.com/vender/lg/l-prime-d337/453-lg-l-prime-d337-dourado,72,LG L Prime D337 Dourado
https://www.trocafone.com/vender/sony/xperia-z3/683-sony-xperia-z3-verde,284,Sony Xperia Z3 Verde
https://www.trocafone.com/vender/sony/xperia-z2/229-sony-xperia-z2-preto,247,Sony Xperia Z2 Preto
https://www.trocafone.com/vender/sony/xperia-z2/230-sony-xperia-z2-branco,247,Sony Xperia Z2 Branco
https://www.trocafone.com/vender/sony/xperia-z3/681-sony-xperia-z3-preto,284,Sony Xperia Z3 Preto
https://www.trocafone.com/vender/sony/xperia-z3/682-sony-xperia-z3-cobre,284,Sony Xperia Z3 Cobre
https://www.trocafone.com/vender/sony/xperia-z3/680-sony-xperia-z3-branco,284,Sony Xperia Z3 Branco
https://www.trocafone.com/vender/sony/sony-z3-compact/420-sony-xperia-z3-compact-verde,160,Sony Xperia Z3 Compact Verde
https://www.trocafone.com/vender/sony/sony-z3-compact/418-sony-xperia-z3-compact-branco,160,Sony Xperia Z3 Compact Branco
https://www.trocafone.com/vender/sony/xperia-z3-dual/673-sony-xperia-z3-dual-preto,178,Sony Xperia Z3 Dual Preto
https://www.trocafone.com/vender/sony/sony-z3-compact/419-sony-xperia-z3-compact-preto,160,Sony Xperia Z3 Compact Preto
https://www.trocafone.com/vender/sony/xperia-z3-dual/675-sony-xperia-z3-dual-cobre,178,Sony Xperia Z3 Dual Cobre
https://www.trocafone.com/vender/sony/xperia-z3-dual/674-sony-xperia-z3-dual-branco,178,Sony Xperia Z3 Dual Branco
https://www.trocafone.com/vender/sony/xperia-z3-tv/372-sony-xperia-z3-tv-verde,178,Sony Xperia Z3 TV Verde
https://www.trocafone.com/vender/asus/zenfone-3-max-16gb/921-asus-zenfone-3-max-16-gb-prata,110,Asus Zenfone 3 Max 16 GB Prata
https://www.trocafone.com/vender/sony/xperia-z3-tv/371-sony-xperia-z3-tv-cobre,178,Sony Xperia Z3 TV Cobre
https://www.trocafone.com/vender/sony/xperia-z3-tv/227-sony-xperia-z3-tv-branco,178,Sony Xperia Z3 TV Branco
https://www.trocafone.com/vender/asus/zenfone-3-zoom/916-asus-zenfone-3-zoom-64gb-preto,470,Asus Zenfone 3 Zoom 64GB Preto
https://www.trocafone.com/vender/asus/zenfone-3-zoom/915-asus-zenfone-3-zoom-64gb-prata,470,Asus Zenfone 3 Zoom 64GB Prata
https://www.trocafone.com/vender/asus/zenfone-3-max-16gb/923-asus-zenfone-3-max-16-gb-dourado,110,Asus Zenfone 3 Max 16 GB Dourado
https://www.trocafone.com/vender/sony/xperia-z3-tv/237-sony-xperia-z3-tv-preto,178,Sony Xperia Z3 TV Preto
https://www.trocafone.com/vender/sony/xperia-z3-plus/677-sony-xperia-z3-plus-branco,183,Sony Xperia Z3 Plus Branco
https://www.trocafone.com/vender/asus/zenfone-3-zoom/919-asus-zenfone-3-zoom-128gb-preto,520,Asus Zenfone 3 Zoom 128GB Preto
https://www.trocafone.com/vender/lg/lg-x-power/866-lg-x-power-indigo,120,LG X Power Indigo
https://www.trocafone.com/vender/lg/lg-x-power/867-lg-x-power-dourado,120,LG X Power Dourado
https://www.trocafone.com/vender/asus/zenfone-3-max-16gb/922-asus-zenfone-3-max-16-gb-cinza,110,Asus Zenfone 3 Max 16 GB Cinza
https://www.trocafone.com/vender/asus/zenfone-3-zoom/913-asus-zenfone-3-zoom-32gb-rosa,380,Asus Zenfone 3 Zoom 32GB Rosa
https://www.trocafone.com/vender/asus/zenfone-3-zoom/912-asus-zenfone-3-zoom-32gb-prata,380,Asus Zenfone 3 Zoom 32GB Prata
https://www.trocafone.com/vender/asus/zenfone-3-zoom/920-asus-zenfone-3-zoom-128gb-rosa,520,Asus Zenfone 3 Zoom 128GB Rosa
https://www.trocafone.com/vender/asus/zenfone-3-zoom/914-asus-zenfone-3-zoom-32gb-preto,380,Asus Zenfone 3 Zoom 32GB Preto
https://www.trocafone.com/vender/lg/lg-g5-se/745-lg-g5-se-titanio,408,LG G5 SE Titânio
https://www.trocafone.com/vender/lg/lg-g5-se/747-lg-g5-se-rosa,408,LG G5 SE Rosa
https://www.trocafone.com/vender/lg/lg-g5-se/744-lg-g5-se-prata,408,LG G5 SE Prata
https://www.trocafone.com/vender/lg/lg-g4-stylus-hdtv-h540t/589-lg-g4-stylus-hdtv-h540t-16gb-titanio,145,LG G4 Stylus HDTV H540T 16GB Titânio
https://www.trocafone.com/vender/lg/g4-beat-h736/460-lg-g4-beat-h736-prata,150,LG G4 Beat H736 Prata
https://www.trocafone.com/vender/lg/g4-beat-h736/751-lg-g4-beat-h736-dourado,150,LG G4 Beat H736 Dourado
https://www.trocafone.com/vender/lg/g4-beat-h736/750-lg-g4-beat-h736-branco,150,LG G4 Beat H736 Branco
https://www.trocafone.com/vender/lg/g3-d855/248-lg-g3-d855-preto,153,LG G3 D855 Preto
https://www.trocafone.com/vender/lg/g3-d855/246-lg-g3-d855-dourado,153,LG G3 D855 Dourado
https://www.trocafone.com/vender/lg/g3-d855/247-lg-g3-d855-roxo,153,LG G3 D855 Roxo
https://www.trocafone.com/vender/motorola/moto-z/884-motorola-moto-z-preto,324,Motorola Moto Z Preto
https://www.trocafone.com/vender/quantum/go-3g/687-quantum-go-3g-dourado,171,Quantum Go 3G Dourado
https://www.trocafone.com/vender/quantum/go-3g/688-quantum-go-3g-cinza,171,Quantum Go 3G Cinza
https://www.trocafone.com/vender/lg/g3-d855/245-lg-g3-d855-branco,153,LG G3 D855 Branco
https://www.trocafone.com/vender/motorola/moto-z/885-motorola-moto-z-branco,324,Motorola Moto Z Branco
https://www.trocafone.com/vender/samsung/gear-s3-frontier/696-samsung-gear-s3-frontier,593,Samsung Gear S3 Frontier
https://www.trocafone.com/vender/sony/xperia-m4-aqua/842-sony-xperia-m4-aqua-preto,225,Sony Xperia M4 Aqua Preto
https://www.trocafone.com/vender/samsung/gear-fit-2-large/701-samsung-gear-fit-2-grande-preto,314,Samsung Gear Fit 2 Grande Preto
https://www.trocafone.com/vender/samsung/gear-s2/697-samsung-gear-s2-prata,233,Samsung Gear S2 Prata
https://www.trocafone.com/vender/samsung/galaxy-win-2-duos-tv/871-samsung-galaxy-win-2-duos-tv-preto,30,Samsung Galaxy Win 2 Duos TV Preto
https://www.trocafone.com/vender/samsung/galaxy-win-2-duos-tv/870-samsung-galaxy-win-2-duos-tv-branco,30,Samsung Galaxy Win 2 Duos TV Branco
https://www.trocafone.com/vender/samsung/galaxy-win-duos/66-samsung-galaxy-win-duos-cinza,30,Samsung Galaxy Win Duos Cinza
https://www.trocafone.com/vender/samsung/galaxy-win-duos/149-samsung-galaxy-win-duos-branco,30,Samsung Galaxy Win Duos Branco
https://www.trocafone.com/vender/ipad/ipad-mini-wi-fi-4g/779-ipad-mini-wi-fi-4g-64gb-prateado,337,iPad Mini Wi-Fi + 4G 64GB Prateado
https://www.trocafone.com/vender/ipad/ipad-mini-wi-fi-4g/862-ipad-mini-wi-fi-4g-32gb-cinza-espacial,272,iPad Mini Wi-Fi + 4G 32GB Cinza Espacial
https://www.trocafone.com/vender/ipad/ipad-mini-wi-fi-4g/778-ipad-mini-wi-fi-4g-64gb-cinza-espacial,337,iPad Mini Wi-Fi + 4G 64GB Cinza Espacial
https://www.trocafone.com/vender/ipad/ipad-mini-wi-fi-4g/863-ipad-mini-wi-fi-4g-32gb-prateado,272,iPad Mini Wi-Fi + 4G 32GB Prateado
https://www.trocafone.com/vender/ipad/ipad-mini-wi-fi-4g/353-ipad-mini-wi-fi-4g-16gb-prateado,254,iPad Mini Wi-Fi + 4G 16GB Prateado
https://www.trocafone.com/vender/ipad/ipad-mini-wi-fi-4g/354-ipad-mini-wi-fi-4g-16gb-cinza-espacial,254,iPad Mini Wi-Fi + 4G 16GB Cinza Espacial
https://www.trocafone.com/vender/samsung/gear-s2/698-samsung-gear-s2-cinza,233,Samsung Gear S2 Cinza
https://www.trocafone.com/vender/samsung/gear-fit-2-small/699-samsung-gear-fit-2-pequeno-rosa,314,Samsung Gear Fit 2 Pequeno Rosa
https://www.trocafone.com/vender/samsung/gear-fit-2-small/700-samsung-gear-fit-2-pequeno-preto,314,Samsung Gear Fit 2 Pequeno Preto
https://www.trocafone.com/vender/samsung/gear-s3-classic/695-samsung-gear-s3-classic,593,Samsung Gear S3 Classic
https://www.trocafone.com/vender/sony/xperia-m4-aqua/841-sony-xperia-m4-aqua-branco,225,Sony Xperia M4 Aqua Branco
https://www.trocafone.com/vender/motorola/moto-z-play/899-motorola-moto-z-play-preto,299,Motorola Moto Z Play Preto
https://www.trocafone.com/vender/sony/xperia-m4-aqua/843-sony-xperia-m4-aqua-coral,225,Sony Xperia M4 Aqua Coral
https://www.trocafone.com/vender/lg/g3-beat-d724/255-lg-g3-beat-d724-preto,115,LG G3 Beat D724 Preto
https://www.trocafone.com/vender/lg/g3-stylus/451-lg-g3-stylus-d690-titanio,114,LG G3 Stylus D690 Titanio
https://www.trocafone.com/vender/lg/g3-beat-d724/256-lg-g3-beat-d724-dourado,115,LG G3 Beat D724 Dourado
https://www.trocafone.com/vender/lg/g3-beat-d724/254-lg-g3-beat-d724-branco,115,LG G3 Beat D724 Branco
https://www.trocafone.com/vender/lg/g3-stylus/436-lg-g3-stylus-d690-branco,114,LG G3 Stylus D690 Branco
https://www.trocafone.com/vender/lg/g3-stylus/437-lg-g3-stylus-d690-dourado,114,LG G3 Stylus D690 Dourado
https://www.trocafone.com/vender/lg/g4-h815p/748-lg-g4-h815p-couro-marrom,195,LG G4 H815P Couro Marrom
https://www.trocafone.com/vender/lg/g4-h815p/533-lg-g4-h815p-branco,195,LG G4 H815P Branco
https://www.trocafone.com/vender/lg/g4-h815p/532-lg-g4-h815p-titanio,195,LG G4 H815P Titânio
https://www.trocafone.com/vender/lg/g4-h818p/529-lg-g4-h818p-titanio,195,LG G4 H818P Titânio
https://www.trocafone.com/vender/lg/g4-h815p/749-lg-g4-h815p-dourado,195,LG G4 H815P Dourado
https://www.trocafone.com/vender/samsung/galaxy-y-duos/465-samsung-galaxy-y-duos-preto,40,Samsung Galaxy Y Duos Preto
https://www.trocafone.com/vender/samsung/galaxy-y-duos/462-samsung-galaxy-y-duos-branco,40,Samsung Galaxy Y Duos Branco
https://www.trocafone.com/vender/lg/g4-h818p/530-lg-g4-h818p-couro-marrom,195,LG G4 H818P Couro marrom
https://www.trocafone.com/vender/lg/g4-h818p/527-lg-g4-h818p-couro-preto,195,LG G4 H818P Couro Preto
https://www.trocafone.com/vender/lg/g4-h818p/528-lg-g4-h818p-branco,195,LG G4 H818P Branco
https://www.trocafone.com/vender/lg/lg-g4-stylus-h630/588-lg-g4-stylus-h630-16gb-titanio,108,LG G4 Stylus H630 16GB Titânio
https://www.trocafone.com/vender/lg/lg-g4-stylus-hdtv-h540t/649-lg-g4-stylus-hdtv-h540t-16gb-dourado,145,LG G4 Stylus HDTV H540T 16GB Dourado
https://www.trocafone.com/vender/lg/g4-h818p/531-lg-g4-h818p-dourado,195,LG G4 H818P Dourado
https://www.trocafone.com/vender/lg/lg-g5-se/746-lg-g5-se-dourado,408,LG G5 SE Dourado
https://www.trocafone.com/vender/lg/g4-h818p/526-lg-g4-h818p-couro-vinho,195,LG G4 H818P Couro Vinho
https://www.trocafone.com/vender/lg/lg-k-10/879-lg-k10-indigo,81,LG K10 Indigo
https://www.trocafone.com/vender/lg/lg-k-10/877-lg-k10-dourado,81,LG K10 Dourado
https://www.trocafone.com/vender/lg/lg-k-10/878-lg-k10-branco,81,LG K10 Branco
https://www.trocafone.com/vender/iphone/iphone-4g/8-iphone-4g-8gb-preto,35,iPhone 4G 8GB Preto
https://www.trocafone.com/vender/iphone/iphone-4g/9-iphone-4g-8gb-branco,35,iPhone 4G 8GB Branco
https://www.trocafone.com/vender/iphone/iphone-4g/12-iphone-4g-32gb-preto,35,iPhone 4G 32GB Preto
https://www.trocafone.com/vender/iphone/iphone-4g/13-iphone-4g-32gb-branco,35,iPhone 4G 32GB Branco
https://www.trocafone.com/vender/iphone/iphone-4g/10-iphone-4g-16gb-preto,35,iPhone 4G 16GB Preto
https://www.trocafone.com/vender/ipad/ipad-mini-4-wifi/785-ipad-mini-4-wi-fi-64gb-prateado,498,iPad Mini 4 Wi-Fi 64GB Prateado
https://www.trocafone.com/vender/ipad/ipad-mini-4-wifi/784-ipad-mini-4-wi-fi-64gb-dourado,498,iPad Mini 4 Wi-Fi 64GB Dourado
https://www.trocafone.com/vender/ipad/ipad-mini-4-wifi/783-ipad-mini-4-wi-fi-64gb-cinza-espacial,498,iPad Mini 4 Wi-Fi 64GB Cinza Espacial
https://www.trocafone.com/vender/ipad/ipad-mini-4-wifi/789-ipad-mini-4-wi-fi-32gb-prateado,481,iPad Mini 4 Wi-Fi 32GB Prateado
https://www.trocafone.com/vender/ipad/ipad-mini-4-wifi/788-ipad-mini-4-wi-fi-32gb-dourado,481,iPad Mini 4 Wi-Fi 32GB Dourado
https://www.trocafone.com/vender/ipad/ipad-mini-4-wifi/787-ipad-mini-4-wi-fi-32gb-cinza-espacial,481,iPad Mini 4 Wi-Fi 32GB Cinza Espacial
https://www.trocafone.com/vender/ipad/ipad-mini-4-wifi/781-ipad-mini-4-wi-fi-16gb-prateado,463,iPad Mini 4 Wi-Fi 16GB Prateado
https://www.trocafone.com/vender/ipad/ipad-mini-4-wifi/780-ipad-mini-4-wi-fi-16gb-dourado,463,iPad Mini 4 Wi-Fi 16GB Dourado
https://www.trocafone.com/vender/ipad/ipad-mini-3-wi-fi-4g/335-ipad-mini-3-wi-fi-4g-64gb-prateado,601,iPad Mini 3 Wi-Fi + 4G 64GB Prateado
https://www.trocafone.com/vender/ipad/ipad-mini-3-wi-fi-4g/341-ipad-mini-3-wi-fi-4g-64gb-cinza-espacial,601,iPad Mini 3 Wi-Fi + 4G 64GB Cinza Espacial
https://www.trocafone.com/vender/ipad/ipad-mini-3-wi-fi-4g/337-ipad-mini-3-wi-fi-4g-16gb-dourado,500,iPad Mini 3 Wi-Fi + 4G 16GB Dourado
https://www.trocafone.com/vender/ipad/ipad-mini-3-wi-fi-4g/340-ipad-mini-3-wi-fi-4g-16gb-cinza-espacial,500,iPad Mini 3 Wi-Fi + 4G 16GB Cinza Espacial
https://www.trocafone.com/vender/ipad/ipad-mini-3-wi-fi-4g/336-ipad-mini-3-wi-fi-4g-128gb-prateado,722,iPad Mini 3 Wi-Fi + 4G 128GB Prateado
https://www.trocafone.com/vender/ipad/ipad-mini-3-wi-fi-4g/339-ipad-mini-3-wi-fi-4g-128gb-dourado,722,iPad Mini 3 Wi-Fi + 4G 128GB Dourado
https://www.trocafone.com/vender/ipad/ipad-mini-3-wi-fi-4g/338-ipad-mini-3-wi-fi-4g-64gb-dourado,601,iPad Mini 3 Wi-Fi + 4G 64GB Dourado
https://www.trocafone.com/vender/lenovo/vibe-k5/542-lenovo-vibe-k5-preto,115,Lenovo Vibe K5 Preto
https://www.trocafone.com/vender/lenovo/vibe-k5/541-lenovo-vibe-k5-dourado,115,Lenovo Vibe K5 Dourado
https://www.trocafone.com/vender/ipad/ipad-mini-3-wi-fi-4g/334-ipad-mini-3-wi-fi-4g-16gb-prateado,500,iPad Mini 3 Wi-Fi + 4G 16GB Prateado
https://www.trocafone.com/vender/lenovo/vibe-k5/540-lenovo-vibe-k5-branco,115,Lenovo Vibe K5 Branco
https://www.trocafone.com/vender/lg/lg-x-screen/813-lg-x-screen-rosa,209,LG X Screen Rosa
https://www.trocafone.com/vender/lg/lg-x-screen/812-lg-x-screen-preto,209,LG X Screen Preto
https://www.trocafone.com/vender/ipad/2-wi-fi-3g/190-ipad-2-wi-fi-3g-64gb-preto,132,iPad 2 Wi-Fi + 3G 64GB Preto
https://www.trocafone.com/vender/ipad/2-wi-fi-3g/188-ipad-2-wi-fi-3g-32gb-preto,114,iPad 2 Wi-Fi + 3G 32GB Preto
https://www.trocafone.com/vender/ipad/2-wi-fi-3g/191-ipad-2-wi-fi-3g-64gb-branco,132,iPad 2 Wi-Fi + 3G 64GB Branco
https://www.trocafone.com/vender/motorola/moto-x-play-4g-dual/562-motorola-moto-x-play-32gb-4g-dual-preto-vermelho,176,Motorola Moto X Play 32GB 4G Dual Preto Vermelho
https://www.trocafone.com/vender/motorola/moto-x-play-4g-dual/569-motorola-moto-x-play-32gb-4g-dual-preto-verde-petroleo,176,Motorola Moto X Play 32GB 4G Dual Preto Verde Petroleo
https://www.trocafone.com/vender/motorola/moto-x-play-4g-dual/568-motorola-moto-x-play-32gb-4g-dual-preto-verde,176,Motorola Moto X Play 32GB 4G Dual Preto Verde
https://www.trocafone.com/vender/motorola/moto-x-play-4g-dual/561-motorola-moto-x-play-32gb-4g-dual-preto-turquesa,176,Motorola Moto X Play 32GB 4G Dual Preto Turquesa
https://www.trocafone.com/vender/motorola/moto-x-play-4g-dual/564-motorola-moto-x-play-32gb-4g-dual-preto-framboesa,176,Motorola Moto X Play 32GB 4G Dual Preto Framboesa
https://www.trocafone.com/vender/motorola/moto-x-play-4g-dual/565-motorola-moto-x-play-32gb-4g-dual-preto-cabernet,176,Motorola Moto X Play 32GB 4G Dual Preto Cabernet
https://www.trocafone.com/vender/motorola/moto-x-play-4g-dual/566-motorola-moto-x-play-32gb-4g-dual-preto-branco,176,Motorola Moto X Play 32GB 4G Dual Preto Branco
https://www.trocafone.com/vender/motorola/moto-x-play-4g-dual/563-motorola-moto-x-play-32gb-4g-dual-preto-azul-escuro,176,Motorola Moto X Play 32GB 4G Dual Preto Azul Escuro
https://www.trocafone.com/vender/motorola/moto-x-play-4g-dual/567-motorola-moto-x-play-32gb-4g-dual-preto-azul,176,Motorola Moto X Play 32GB 4G Dual Preto Azul
https://www.trocafone.com/vender/motorola/moto-x-play-4g-dual/560-motorola-moto-x-play-32gb-4g-dual-preto,176,Motorola Moto X Play 32GB 4G Dual Preto
https://www.trocafone.com/vender/motorola/moto-x-play-4g-dual/651-motorola-moto-x-play-32gb-4g-dual-branco-framboesa,176,Motorola Moto X Play 32GB 4G Dual Branco Framboesa
https://www.trocafone.com/vender/motorola/moto-x-play-4g-dual/552-motorola-moto-x-play-16gb-4g-dual-preto-vermelho,168,Motorola Moto X Play 16GB 4G Dual Preto Vermelho
https://www.trocafone.com/vender/motorola/moto-x-play-4g-dual/559-motorola-moto-x-play-16gb-4g-dual-preto-verde-petroleo,168,Motorola Moto X Play 16GB 4G Dual Preto Verde Petroleo
https://www.trocafone.com/vender/motorola/moto-x-play-4g-dual/650-motorola-moto-x-play-32gb-4g-dual-branco,176,Motorola Moto X Play 32GB 4G Dual Branco
https://www.trocafone.com/vender/motorola/moto-x-play-4g-dual/558-motorola-moto-x-play-16gb-4g-dual-preto-verde,168,Motorola Moto X Play 16GB 4G Dual Preto Verde
https://www.trocafone.com/vender/motorola/moto-x-play-4g-dual/551-motorola-moto-x-play-16gb-4g-dual-preto-turquesa,168,Motorola Moto X Play 16GB 4G Dual Preto Turquesa
https://www.trocafone.com/vender/motorola/moto-x-play-4g-dual/555-motorola-moto-x-play-16gb-4g-dual-preto-cabernet,168,Motorola Moto X Play 16GB 4G Dual Preto Cabernet
https://www.trocafone.com/vender/motorola/moto-x-play-4g-dual/556-motorola-moto-x-play-16gb-4g-dual-preto-branco,168,Motorola Moto X Play 16GB 4G Dual Preto Branco
https://www.trocafone.com/vender/motorola/moto-x-play-4g-dual/553-motorola-moto-x-play-16gb-4g-dual-preto-azul-escuro,168,Motorola Moto X Play 16GB 4G Dual Preto Azul Escuro
https://www.trocafone.com/vender/motorola/moto-x-play-4g-dual/557-motorola-moto-x-play-16gb-4g-dual-preto-azul,168,Motorola Moto X Play 16GB 4G Dual Preto Azul
https://www.trocafone.com/vender/motorola/moto-x-2a-geracao/244-motorola-moto-x2-32gb-rouge,189,Motorola Moto X2 32GB Rouge
https://www.trocafone.com/vender/motorola/moto-x-2a-geracao/243-motorola-moto-x2-32gb-preto,189,Motorola Moto X2 32GB Preto
https://www.trocafone.com/vender/motorola/moto-x-2a-geracao/242-motorola-moto-x2-32gb-iuna,189,Motorola Moto X2 32GB Iuna
https://www.trocafone.com/vender/motorola/moto-x-force/610-motorola-moto-x-force-64gb-preto-tabaco,448,Motorola Moto X Force 64GB Preto Tabaco
https://www.trocafone.com/vender/motorola/moto-x-play-4g-dual/550-motorola-moto-x-play-16gb-4g-dual-preto,168,Motorola Moto X Play 16GB 4G Dual Preto
https://www.trocafone.com/vender/motorola/moto-x-force/611-motorola-moto-x-force-64gb-preto-cabernet,448,Motorola Moto X Force 64GB Preto Cabernet
https://www.trocafone.com/vender/motorola/moto-x-force/609-motorola-moto-x-force-64gb-preto,448,Motorola Moto X Force 64GB Preto
https://www.trocafone.com/vender/motorola/moto-x-play-4g-dual/554-motorola-moto-x-play-16gb-4g-dual-preto-framboesa,168,Motorola Moto X Play 16GB 4G Dual Preto Framboesa
https://www.trocafone.com/vender/motorola/moto-x-style/874-motorola-moto-x-style-32gb-preto-bambu,406,Motorola Moto X Style 32GB Preto Bambu
https://www.trocafone.com/vender/motorola/moto-x-style/606-motorola-moto-x-style-32gb-preto,406,Motorola Moto X Style 32GB Preto
https://www.trocafone.com/vender/motorola/moto-x-style/763-motorola-moto-x-style-32gb-branco-rosa,406,Motorola Moto X Style 32GB Branco Rosa
https://www.trocafone.com/vender/motorola/moto-x-style/607-motorola-moto-x-style-32gb-branco-dourado,406,Motorola Moto X Style 32GB Branco Dourado
https://www.trocafone.com/vender/motorola/moto-x-style/608-motorola-moto-x-style-32gb-branco-bambu,406,Motorola Moto X Style 32GB Branco Bambu
https://www.trocafone.com/vender/motorola/moto-x-force/612-motorola-moto-x-force-64gb-branco,448,Motorola Moto X Force 64GB Branco
https://www.trocafone.com/vender/motorola/moto-x-play-4g-dual/849-motorola-moto-x-play-16gb-4g-dual-branco,168,Motorola Moto X Play 16GB 4G Dual Branco
https://www.trocafone.com/vender/motorola/moto-x-style/652-motorola-moto-x-style-32gb-branco,406,Motorola Moto X Style 32GB Branco
https://www.trocafone.com/vender/motorola/moto-x-2a-geracao/241-motorola-moto-x2-32gb-couro-vintage,189,Motorola Moto X2 32GB Couro Vintage
https://www.trocafone.com/vender/motorola/moto-x-2a-geracao/238-motorola-moto-x2-32gb-couro-navy,189,Motorola Moto X2 32GB Couro Navy
https://www.trocafone.com/vender/motorola/moto-x-2a-geracao/239-motorola-moto-x2-32gb-bambu,189,Motorola Moto X2 32GB Bambu
https://www.trocafone.com/vender/motorola/moto-x-2a-geracao/633-motorola-moto-x2-16gb-rouge,186,Motorola Moto X2 16GB Rouge
https://www.trocafone.com/vender/motorola/moto-x-2a-geracao/632-motorola-moto-x2-16gb-preto,186,Motorola Moto X2 16GB Preto
https://www.trocafone.com/vender/motorola/moto-x-2a-geracao/631-motorola-moto-x2-16gb-luna,186,Motorola Moto X2 16GB Luna
https://www.trocafone.com/vender/motorola/moto-x-2a-geracao/630-motorola-moto-x2-16gb-couro-vintage,186,Motorola Moto X2 16GB Couro Vintage
https://www.trocafone.com/vender/motorola/moto-x-2a-geracao/629-motorola-moto-x2-16gb-couro-navy,186,Motorola Moto X2 16GB Couro Navy
https://www.trocafone.com/vender/motorola/moto-x-2a-geracao/628-motorola-moto-x2-16gb-bambu,186,Motorola Moto X2 16GB Bambu
https://www.trocafone.com/vender/ipad/2-wi-fi-3g/189-ipad-2-wi-fi-3g-32gb-branco,114,iPad 2 Wi-Fi + 3G 32GB Branco
https://www.trocafone.com/vender/ipad/2-wi-fi-3g/186-ipad-2-wi-fi-3g-16gb-preto,96,iPad 2 Wi-Fi + 3G 16GB Preto
https://www.trocafone.com/vender/ipad/3-wi-fi/196-ipad-3-wi-fi-64gb-preto,215,iPad 3 Wi-Fi 64GB Preto
https://www.trocafone.com/vender/ipad/3-wi-fi/197-ipad-3-wi-fi-64gb-branco,215,iPad 3 Wi-Fi 64GB Branco
https://www.trocafone.com/vender/ipad/3-wi-fi/194-ipad-3-wi-fi-32gb-preto,204,iPad 3 Wi-Fi 32GB Preto
https://www.trocafone.com/vender/ipad/3-wi-fi/195-ipad-3-wi-fi-32gb-branco,204,iPad 3 Wi-Fi 32GB Branco
https://www.trocafone.com/vender/ipad/3-wi-fi/192-ipad-3-wi-fi-16gb-preto,192,iPad 3 Wi-Fi 16GB Preto
https://www.trocafone.com/vender/ipad/3-wi-fi/193-ipad-3-wi-fi-16gb-branco,192,iPad 3 Wi-Fi 16GB Branco
https://www.trocafone.com/vender/ipad/3-wi-fi-4g/202-ipad-3-wi-fi-4g-64gb-preto,299,iPad 3 Wi-Fi + 4G 64GB Preto
https://www.trocafone.com/vender/ipad/3-wi-fi-4g/203-ipad-3-wi-fi-4g-64gb-branco,299,iPad 3 Wi-Fi + 4G 64GB Branco
https://www.trocafone.com/vender/ipad/3-wi-fi-4g/200-ipad-3-wi-fi-4g-32gb-preto,250,iPad 3 Wi-Fi + 4G 32GB Preto
https://www.trocafone.com/vender/ipad/3-wi-fi-4g/201-ipad-3-wi-fi-4g-32gb-branco,250,iPad 3 Wi-Fi + 4G 32GB Branco
https://www.trocafone.com/vender/ipad/3-wi-fi-4g/198-ipad-3-wi-fi-4g-16gb-preto,227,iPad 3 Wi-Fi + 4G 16GB Preto
https://www.trocafone.com/vender/ipad/3-wi-fi-4g/199-ipad-3-wi-fi-4g-16gb-branco,227,iPad 3 Wi-Fi + 4G 16GB Branco
https://www.trocafone.com/vender/ipad/4-wi-fi/208-ipad-4-wi-fi-64gb-preto,255,iPad 4 Wi-Fi 64GB Preto
https://www.trocafone.com/vender/ipad/4-wi-fi/209-ipad-4-wi-fi-64gb-branco,255,iPad 4 Wi-Fi 64GB Branco
https://www.trocafone.com/vender/ipad/4-wi-fi/207-ipad-4-wi-fi-32gb-preto,232,iPad 4 Wi-Fi 32GB Preto
https://www.trocafone.com/vender/ipad/2-wi-fi-3g/187-ipad-2-wi-fi-3g-16gb-branco,96,iPad 2 Wi-Fi + 3G 16GB Branco
https://www.trocafone.com/vender/ipad/4-wi-fi/206-ipad-4-wi-fi-32gb-branco,232,iPad 4 Wi-Fi 32GB Branco
https://www.trocafone.com/vender/ipad/4-wi-fi/204-ipad-4-wi-fi-16gb-preto,208,iPad 4 Wi-Fi 16GB Preto
https://www.trocafone.com/vender/ipad/4-wi-fi/205-ipad-4-wi-fi-16gb-branco,208,iPad 4 Wi-Fi 16GB Branco
https://www.trocafone.com/vender/ipad/4-wi-fi/211-ipad-4-wi-fi-128gb-preto,369,iPad 4 Wi-Fi 128GB Preto
https://www.trocafone.com/vender/ipad/4-wi-fi/210-ipad-4-wi-fi-128gb-branco,369,iPad 4 Wi-Fi 128GB Branco
https://www.trocafone.com/vender/ipad/ipad-air-2-4g/307-ipad-air-2-wi-fi-4g-64gb-dourado,742,iPad Air 2 Wi-Fi + 4G 64GB Dourado
https://www.trocafone.com/vender/ipad/4-wi-fi-4g/216-ipad-4-wi-fi-4g-64gb-branco,296,iPad 4 Wi-Fi + 4G 64GB Branco
https://www.trocafone.com/vender/ipad/4-wi-fi-4g/214-ipad-4-wi-fi-4g-32gb-branco,277,iPad 4 Wi-Fi + 4G 32GB Branco
https://www.trocafone.com/vender/ipad/4-wi-fi-4g/212-ipad-4-wi-fi-4g-16gb-preto,243,iPad 4 Wi-Fi + 4G 16GB Preto
https://www.trocafone.com/vender/ipad/4-wi-fi-4g/213-ipad-4-wi-fi-4g-16gb-branco,243,iPad 4 Wi-Fi + 4G 16GB Branco
https://www.trocafone.com/vender/ipad/ipad-air-2-4g/301-ipad-air-2-wi-fi-4g-64gb-prateado,742,iPad Air 2 Wi-fi + 4G 64GB Prateado
https://www.trocafone.com/vender/ipad/4-wi-fi-4g/217-ipad-4-wi-fi-4g-64gb-preto,296,iPad 4 Wi-Fi + 4G 64GB Preto
https://www.trocafone.com/vender/ipad/4-wi-fi-4g/215-ipad-4-wi-fi-4g-32gb-preto,277,iPad 4 Wi-Fi + 4G 32GB Preto
https://www.trocafone.com/vender/ipad/4-wi-fi-4g/218-ipad-4-wi-fi-4g-128gb-branco,403,iPad 4 Wi-Fi + 4G 128GB Branco
https://www.trocafone.com/vender/ipad/ipad-mini-3-wi-fi-4g/342-ipad-mini-3-wi-fi-4g-128gb-cinza-espacial,722,iPad Mini 3 Wi-Fi + 4G 128GB Cinza Espacial
https://www.trocafone.com/vender/ipad/air-2-wifi/304-ipad-air-2-wi-fi-64gb-dourado,621,iPad Air 2 Wi-Fi 64GB Dourado
https://www.trocafone.com/vender/ipad/air-2-wifi/310-ipad-air-2-wi-fi-64gb-cinza-espacial,621,iPad Air 2 Wi-Fi 64GB Cinza Espacial
https://www.trocafone.com/vender/ipad/air-2-wifi/940-ipad-air-2-wi-fi-32gb-prateado,533,iPad Air 2 Wi-Fi 32GB Prateado
https://www.trocafone.com/vender/ipad/4-wi-fi-4g/219-ipad-4-wi-fi-4g-128gb-preto,403,iPad 4 Wi-Fi + 4G 128GB Preto
https://www.trocafone.com/vender/ipad/air-2-wifi/298-ipad-air-2-wi-fi-64gb-prateado,621,iPad Air 2 Wi-Fi 64GB Prateado
https://www.trocafone.com/vender/ipad/air-2-wifi/939-ipad-air-2-wi-fi-32gb-cinza-espacial,533,iPad Air 2 Wi-Fi 32GB Cinza Espacial
https://www.trocafone.com/vender/ipad/air-2-wifi/938-ipad-air-2-wi-fi-32gb-dourado,533,iPad Air 2 Wi-Fi 32GB Dourado
https://www.trocafone.com/vender/ipad/air-2-wifi/297-ipad-air-2-wi-fi-16gb-prateado,500,iPad Air 2 Wi-Fi 16GB Prateado
https://www.trocafone.com/vender/ipad/air-2-wifi/303-ipad-air-2-wi-fi-16gb-dourado,500,iPad Air 2 Wi-Fi 16GB Dourado
https://www.trocafone.com/vender/ipad/air-2-wifi/309-ipad-air-2-wi-fi-16gb-cinza-espacial,500,iPad Air 2 Wi-Fi 16GB Cinza Espacial
https://www.trocafone.com/vender/ipad/air-2-wifi/299-ipad-air-2-wi-fi-128gb-prateado,722,iPad Air 2 Wi-Fi 128GB Prateado
https://www.trocafone.com/vender/ipad/air-2-wifi/305-ipad-air-2-wi-fi-128gb-dourado,722,iPad Air 2 Wi-Fi 128GB Dourado
https://www.trocafone.com/vender/ipad/ipad-air-2-4g/314-ipad-air-2-wi-fi-4g-64gb-cinza-espacial,742,iPad Air 2 Wi-Fi + 4G 64GB Cinza Espacial
https://www.trocafone.com/vender/ipad/ipad-air-2-4g/300-ipad-air-2-wi-fi-4g-16gb-prateado,661,iPad Air 2 Wi-Fi + 4G 16GB Prateado
https://www.trocafone.com/vender/ipad/ipad-air-2-4g/306-ipad-air-2-wi-fi-4g-16gb-dourado,661,iPad Air 2 Wi-Fi + 4G 16GB Dourado
https://www.trocafone.com/vender/ipad/air-2-wifi/311-ipad-air-2-wi-fi-128gb-cinza-espacial,722,iPad Air 2 Wi-Fi 128GB Cinza Espacial
https://www.trocafone.com/vender/ipad/ipad-air-2-4g/313-ipad-air-2-wi-fi-4g-16gb-cinza-espacial,661,iPad Air 2 Wi-Fi + 4G 16GB Cinza Espacial
https://www.trocafone.com/vender/ipad/ipad-air-2-4g/312-ipad-air-2-wi-fi-4g-128gb-prateado,843,iPad Air 2 Wi-Fi + 4G 128GB Prateado
https://www.trocafone.com/vender/ipad/ipad-air-2-4g/308-ipad-air-2-wi-fi-4g-128gb-dourado,843,iPad Air 2 Wi-Fi + 4G 128GB Dourado
https://www.trocafone.com/vender/ipad/ipad-air-2-4g/315-ipad-air-2-wi-fi-4g-128gb-cinza-espacial,843,iPad Air 2 Wi-Fi + 4G 128GB Cinza Espacial
https://www.trocafone.com/vender/ipad/ipad-air-wi-fi/317-ipad-air-wi-fi-32gb-prateado,436,iPad Air Wi-Fi 32GB Prateado
https://www.trocafone.com/vender/ipad/ipad-air-wi-fi/319-ipad-air-wi-fi-32gb-cinza-espacial,436,iPad Air Wi-Fi 32GB Cinza Espacial
https://www.trocafone.com/vender/ipad/ipad-air-wi-fi/316-ipad-air-wi-fi-16gb-prateado,398,iPad Air Wi-Fi 16GB Prateado
https://www.trocafone.com/vender/ipad/ipad-air-wi-fi-4g/901-ipad-air-wi-fi-4g-64gb-prateado,687,iPad Air Wi-Fi + 4G 64GB Prateado
https://www.trocafone.com/vender/ipad/ipad-air-wi-fi-4g/900-ipad-air-wi-fi-4g-64gb-cinza-espacial,687,iPad Air Wi-Fi + 4G 64GB Cinza Espacial
https://www.trocafone.com/vender/ipad/ipad-air-wi-fi-4g/321-ipad-air-wi-fi-4g-32gb-prateado,571,iPad Air Wi-Fi + 4G 32GB Prateado
https://www.trocafone.com/vender/ipad/ipad-air-wi-fi-4g/324-ipad-air-wi-fi-4g-32gb-cinza-espacial,571,iPad Air Wi-Fi + 4G 32GB Cinza Espacial
https://www.trocafone.com/vender/ipad/ipad-air-wi-fi-4g/320-ipad-air-wi-fi-4g-16gb-prateado,475,iPad Air Wi-Fi + 4G 16GB Prateado
https://www.trocafone.com/vender/ipad/ipad-air-wi-fi-4g/322-ipad-air-wi-fi-4g-16gb-cinza-espacial,475,iPad Air Wi-Fi + 4G 16GB Cinza Espacial
https://www.trocafone.com/vender/ipad/ipad-mini-2-wi-fi/344-ipad-mini-2-wi-fi-32gb-prateado,289,iPad Mini 2 Wi-Fi 32GB Prateado
https://www.trocafone.com/vender/ipad/ipad-mini-2-wi-fi/346-ipad-mini-2-wi-fi-32gb-cinza-espacial,289,iPad Mini 2 Wi-Fi 32GB Cinza Espacial
https://www.trocafone.com/vender/ipad/ipad-mini-2-wi-fi/343-ipad-mini-2-wi-fi-16gb-prateado,260,iPad Mini 2 Wi-Fi 16GB Prateado
https://www.trocafone.com/vender/ipad/ipad-mini-2-wi-fi/345-ipad-mini-2-wi-fi-16gb-cinza-espacial,260,iPad Mini 2 Wi-Fi 16GB Cinza Espacial
https://www.trocafone.com/vender/ipad/ipad-mini-3-wi-fi/326-ipad-mini-3-wi-fi-64gb-prateado,480,Ipad Mini 3 Wi-Fi 64GB Prateado
https://www.trocafone.com/vender/ipad/ipad-air-wi-fi/318-ipad-air-wi-fi-16gb-cinza-espacial,398,iPad Air Wi-Fi 16GB Cinza Espacial
https://www.trocafone.com/vender/ipad/ipad-mini-3-wi-fi/329-ipad-mini-3-wi-fi-64gb-dourado,480,Ipad Mini 3 Wi-Fi 64GB Dourado
https://www.trocafone.com/vender/ipad/ipad-mini-3-wi-fi/332-ipad-mini-3-wi-fi-64gb-cinza-espacial,480,Ipad Mini 3 Wi-Fi 64GB Cinza Espacial
https://www.trocafone.com/vender/ipad/ipad-mini-3-wi-fi/325-ipad-mini-3-wi-fi-16gb-prateado,419,Ipad Mini 3 Wi-Fi 16GB Prateado
https://www.trocafone.com/vender/ipad/ipad-mini-3-wi-fi/328-ipad-mini-3-wi-fi-16gb-dourado,419,Ipad Mini 3 Wi-Fi 16GB Dourado
https://www.trocafone.com/vender/ipad/ipad-mini-3-wi-fi/327-ipad-mini-3-wi-fi-128gb-prateado,601,Ipad Mini 3 Wi-Fi 128GB Prateado
https://www.trocafone.com/vender/ipad/ipad-mini-3-wi-fi/331-ipad-mini-3-wi-fi-16gb-cinza-espacial,419,Ipad Mini 3 Wi-Fi 16GB Cinza Espacial
https://www.trocafone.com/vender/ipad/ipad-mini-2-wi-fi-4g/348-ipad-mini-2-wi-fi-4g-32gb-prateado,332,iPad Mini 2 Wi-Fi + 4G 32GB Prateado
https://www.trocafone.com/vender/ipad/ipad-mini-2-wi-fi-4g/350-ipad-mini-2-wi-fi-4g-32gb-cinza-espacial,332,iPad Mini 2 Wi-Fi + 4G 32GB Cinza Espacial
https://www.trocafone.com/vender/ipad/ipad-mini-2-wi-fi-4g/349-ipad-mini-2-wi-fi-4g-16gb-prateado,310,iPad Mini 2 Wi-Fi + 4G 16GB Prateado
https://www.trocafone.com/vender/ipad/ipad-mini-3-wi-fi/333-ipad-mini-3-wi-fi-128gb-cinza-espacial,601,Ipad Mini 3 Wi-Fi 128GB Cinza Espacial
https://www.trocafone.com/vender/ipad/ipad-mini-2-wi-fi-4g/347-ipad-mini-2-wi-fi-4g-16gb-cinza-espacial,310,iPad Mini 2 Wi-Fi + 4G 16GB Cinza Espacial
https://www.trocafone.com/vender/ipad/ipad-mini-4-wifi-4g/800-ipad-mini-4-wi-fi-4g-64gb-prateado,802,iPad Mini 4 Wi-Fi + 4G 64GB Prateado
https://www.trocafone.com/vender/ipad/ipad-mini-4-wifi-4g/801-ipad-mini-4-wi-fi-4g-64gb-dourado,802,iPad Mini 4 Wi-Fi + 4G 64GB Dourado
https://www.trocafone.com/vender/ipad/ipad-mini-4-wifi-4g/799-ipad-mini-4-wi-fi-4g-64gb-cinza-espacial,802,iPad Mini 4 Wi-Fi + 4G 64GB Cinza Espacial
https://www.trocafone.com/vender/ipad/ipad-mini-4-wifi-4g/797-ipad-mini-4-wi-fi-4g-32gb-prateado,731,iPad Mini 4 Wi-Fi + 4G 32GB Prateado
https://www.trocafone.com/vender/ipad/ipad-mini-4-wifi-4g/796-ipad-mini-4-wi-fi-4g-32gb-cinza-espacial,731,iPad Mini 4 Wi-Fi + 4G 32GB Cinza Espacial
https://www.trocafone.com/vender/ipad/ipad-mini-4-wifi-4g/794-ipad-mini-4-wi-fi-4g-16gb-prateado,695,iPad Mini 4 Wi-Fi + 4G 16GB Prateado
https://www.trocafone.com/vender/ipad/ipad-mini-4-wifi/782-ipad-mini-4-wi-fi-16gb-cinza-espacial,463,iPad Mini 4 Wi-Fi 16GB Cinza Espacial
https://www.trocafone.com/vender/ipad/ipad-mini-4-wifi/791-ipad-mini-4-wi-fi-128gb-prateado,713,iPad Mini 4 Wi-Fi 128GB Prateado
https://www.trocafone.com/vender/ipad/ipad-mini-4-wifi-4g/798-ipad-mini-4-wi-fi-4g-32gb-dourado,731,iPad Mini 4 Wi-Fi + 4G 32GB Dourado
https://www.trocafone.com/vender/ipad/ipad-mini-4-wifi-4g/803-ipad-mini-4-wi-fi-4g-128gb-prateado,812,iPad Mini 4 Wi-Fi + 4G 128GB Prateado
https://www.trocafone.com/vender/ipad/ipad-mini-4-wifi/792-ipad-mini-4-wi-fi-128gb-dourado,713,iPad Mini 4 Wi-Fi 128GB Dourado
https://www.trocafone.com/vender/ipad/ipad-mini-4-wifi-4g/802-ipad-mini-4-wi-fi-4g-128gb-cinza-espacial,812,iPad Mini 4 Wi-Fi + 4G 128GB Cinza Espacial
https://www.trocafone.com/vender/ipad/ipad-mini-4-wifi-4g/795-ipad-mini-4-wi-fi-4g-16gb-dourado,695,iPad Mini 4 Wi-Fi + 4G 16GB Dourado
https://www.trocafone.com/vender/ipad/ipad-mini-4-wifi-4g/793-ipad-mini-4-wi-fi-4g-16gb-cinza-espacial,695,iPad Mini 4 Wi-Fi + 4G 16GB Cinza Espacial
https://www.trocafone.com/vender/ipad/ipad-mini-4-wifi-4g/804-ipad-mini-4-wi-fi-4g-128gb-dourado,812,iPad Mini 4 Wi-Fi + 4G 128GB Dourado
https://www.trocafone.com/vender/ipad/ipad-mini-3-wi-fi/330-ipad-mini-3-wi-fi-128gb-dourado,601,Ipad Mini 3 Wi-Fi 128GB Dourado
https://www.trocafone.com/vender/ipad/ipad-mini-4-wifi/790-ipad-mini-4-wi-fi-128gb-cinza-espacial,713,iPad Mini 4 Wi-Fi 128GB Cinza Espacial
https://www.trocafone.com/vender/ipad/ipad-mini-wi-fi/864-ipad-mini-wi-fi-32gb-cinza-espacial,232,iPad Mini Wi-Fi 32GB Cinza Espacial
https://www.trocafone.com/vender/ipad/ipad-mini-wi-fi/352-ipad-mini-wi-fi-16gb-cinza-espacial,215,iPad Mini Wi-Fi 16GB Cinza Espacial
https://www.trocafone.com/vender/ipad/ipad-mini-wi-fi/865-ipad-mini-wi-fi-32gb-prateado,232,iPad Mini Wi-Fi 32GB Prateado
https://www.trocafone.com/vender/ipad/ipad-mini-wi-fi/351-ipad-mini-wi-fi-16gb-prateado,215,iPad Mini Wi-Fi 16GB Prateado
https://www.trocafone.com/vender/motorola/moto-g5/888-motorola-moto-g5-ouro,220,Motorola Moto G5 Ouro
https://www.trocafone.com/vender/motorola/moto-maxx-2a-geracao/228-motorola-moto-maxx-64gb,180,Motorola Moto Maxx 64GB
https://www.trocafone.com/vender/motorola/moto-g4-play-dtv/741-motorola-moto-g4-play-dtv-cabernet,137,Motorola Moto G4 Play DTV Cabernet
https://www.trocafone.com/vender/motorola/moto-g5/889-motorola-moto-g5-platinum,220,Motorola Moto G5 Platinum
https://www.trocafone.com/vender/motorola/moto-g4-plus/736-motorola-moto-g4-plus-bambu,172,Motorola Moto G4 Plus Bambu
https://www.trocafone.com/vender/motorola/moto-g4-play-dtv/740-motorola-moto-g4-play-dtv-preto,137,Motorola Moto G4 Play DTV Preto
https://www.trocafone.com/vender/motorola/moto-g4-play-dtv/739-motorola-moto-g4-play-dtv-dourado,137,Motorola Moto G4 Play DTV Dourado
https://www.trocafone.com/vender/motorola/motorola-moto-g-3a-geracao/535-motorola-moto-g3-16gb-4g-dual-branco,121,Motorola Moto G3 16GB 4G Dual Branco
https://www.trocafone.com/vender/motorola/moto-g5-plus/892-motorola-moto-g5-plus-azul-safira,247,Motorola Moto G5 Plus Azul Safira
https://www.trocafone.com/vender/motorola/moto-g4-dtv/743-motorola-moto-g4-dtv-preto,157,Motorola Moto G4 DTV Preto
https://www.trocafone.com/vender/motorola/motorola-moto-g-3a-geracao-hdtv/596-motorola-moto-g3-16gb-4g-dual-hdtv-branco,126,Motorola Moto G3 16GB 4G Dual HDTV Branco
https://www.trocafone.com/vender/motorola/moto-g-2a-geracao/70-motorola-moto-g2-3g-dual-16gb,48,Motorola Moto G2 3G Dual 16GB
https://www.trocafone.com/vender/motorola/motorola-moto-g-3a-geracao-hdtv/761-motorola-moto-g3-16gb-4g-dual-hdtv-preto-verde,126,Motorola Moto G3 16GB 4G Dual HDTV Preto Verde
https://www.trocafone.com/vender/motorola/motorola-moto-g-3a-geracao-hdtv/411-motorola-moto-g3-16gb-4g-dual-hdtv-preto-pink,126,Motorola Moto G3 16GB 4G Dual HDTV Preto Pink
https://www.trocafone.com/vender/motorola/motorola-moto-g-3a-geracao-hdtv/410-motorola-moto-g3-16gb-4g-dual-hdtv-preto-cabernet,126,Motorola Moto G3 16GB 4G Dual HDTV Preto Cabernet
https://www.trocafone.com/vender/motorola/motorola-moto-g-3a-geracao-hdtv/409-motorola-moto-g3-16gb-4g-dual-hdtv-preto-azul-navy,126,Motorola Moto G3 16GB 4G Dual HDTV Preto Azul Navy
https://www.trocafone.com/vender/motorola/motorola-moto-g-3a-geracao-hdtv/408-motorola-moto-g3-16gb-4g-dual-hdtv-preto-azul,126,Motorola Moto G3 16GB 4G Dual HDTV Preto Azul
https://www.trocafone.com/vender/samsung/tablet-galaxy-tag-s-105-wifi-4g/282-samsung-galaxy-tab-s-105-wi-fi-4g-branco,446,Samsung Galaxy Tab S 10.5 Wi-Fi + 4G Branco
https://www.trocafone.com/vender/samsung/tablet-galaxy-tab-s-84-wifi-4g/278-samsung-galaxy-tab-s-84-wi-fi-4g-dourado,373,Samsung Galaxy Tab S 8.4 Wi-Fi + 4G Dourado
https://www.trocafone.com/vender/samsung/galaxy-tab-e-96-wifi/823-samsung-galaxy-tab-e-96-wi-fi-branco,154,Samsung Galaxy Tab E 9.6 Wi-Fi Branco
https://www.trocafone.com/vender/samsung/tablet-galaxy-tag-s-105-wifi-4g/283-samsung-galaxy-tab-s-105-wi-fi-4g-dourado,446,Samsung Galaxy Tab S 10.5 Wi-Fi + 4G Dourado
https://www.trocafone.com/vender/samsung/galaxy-tab-e-96-wifi-3g/825-samsung-galaxy-tab-e-96-wi-fi-3g-branco,191,Samsung Galaxy Tab E 9.6 Wi-Fi + 3G Branco
https://www.trocafone.com/vender/samsung/tablet-galaxy-tab-s-84-wifi/281-samsung-galaxy-tab-s-84-wi-fi-dourado,302,Samsung Galaxy Tab S 8.4 Wi-Fi Dourado
https://www.trocafone.com/vender/samsung/tablet-galaxy-tab-pro-101-wifi/275-samsung-galaxy-tab-pro-101-wi-fi-branco,305,Samsung Galaxy Tab Pro 10.1 Wi-Fi Branco
https://www.trocafone.com/vender/samsung/tablet-galaxy-tab-s-84-wifi/280-samsung-galaxy-tab-s-84-wi-fi-branco,302,Samsung Galaxy Tab S 8.4 Wi-Fi Branco
https://www.trocafone.com/vender/samsung/galaxy-tab-e-96-wifi/824-samsung-galaxy-tab-e-96-wi-fi-preto,154,Samsung Galaxy Tab E 9.6 Wi-Fi Preto
https://www.trocafone.com/vender/samsung/galaxy-tab-e-96-wifi-3g/826-samsung-galaxy-tab-e-96-wi-fi-3g-preto,191,Samsung Galaxy Tab E 9.6 Wi-Fi + 3G Preto
https://www.trocafone.com/vender/samsung/tablet-galaxy-tag-s-105-wifi/284-samsung-galaxy-tab-s-105-wi-fi-branco,394,Samsung Galaxy Tab S 10.5 Wi-Fi Branco
https://www.trocafone.com/vender/samsung/tablet-galaxy-tab-pro-101-wifi/276-samsung-galaxy-tab-pro-101-wi-fi-preto,305,Samsung Galaxy Tab Pro 10.1 Wi-Fi Preto
https://www.trocafone.com/vender/samsung/galaxy-tab-s2-8-wifi-4g/828-samsung-galaxy-tab-s2-8-wi-fi-4g-preto,377,Samsung Galaxy Tab S2 8 Wi-Fi + 4G Preto
https://www.trocafone.com/vender/samsung/galaxy-tab-s2-97-wifi-4g/830-samsung-galaxy-tab-s2-97-wi-fi-4g-preto,567,Samsung Galaxy Tab S2 9.7 Wi-Fi + 4G Preto
https://www.trocafone.com/vender/motorola/moto-e-2a-geracao-4g-dual/394-motorola-moto-e2-8gb-4g-dual-preto,91,Motorola Moto E2 8GB 4G Dual Preto
https://www.trocafone.com/vender/motorola/moto-e-2a-geracao-4g-dual/621-motorola-moto-e2-8gb-4g-dual-branco,91,Motorola Moto E2 8GB 4G Dual Branco
https://www.trocafone.com/vender/samsung/tablet-galaxy-tag-s-105-wifi/285-samsung-galaxy-tab-s-105-wi-fi-dourado,394,Samsung Galaxy Tab S 10.5 Wi-Fi Dourado
https://www.trocafone.com/vender/motorola/moto-e-2a-geracao-4g-dual/391-motorola-moto-e2-16gb-4g-dual-preto,95,Motorola Moto E2 16GB 4G Dual Preto
https://www.trocafone.com/vender/motorola/moto-e-2a-geracao/620-motorola-moto-e2-8gb-4g-dtv-preto,111,Motorola Moto E2 8GB 4G DTV Preto
https://www.trocafone.com/vender/motorola/moto-e-2a-geracao/619-motorola-moto-e2-8gb-4g-dtv-branco,111,Motorola Moto E2 8GB 4G DTV Branco
https://www.trocafone.com/vender/motorola/moto-e-2a-geracao/389-motorola-moto-e2-16gb-4g-dtv-preto,111,Motorola Moto E2 16GB 4G DTV Preto
https://www.trocafone.com/vender/motorola/motorola-moto-g-3a-geracao-hdtv/590-motorola-moto-g3-16gb-4g-dual-hdtv-preto,126,Motorola Moto G3 16GB 4G Dual HDTV Preto
https://www.trocafone.com/vender/motorola/motorola-moto-g-3a-geracao-hdtv/760-motorola-moto-g3-16gb-4g-dual-hdtv-branco-verde,126,Motorola Moto G3 16GB 4G Dual HDTV Branco Verde
https://www.trocafone.com/vender/motorola/motorola-moto-g-3a-geracao-hdtv/407-motorola-moto-g3-16gb-4g-dual-hdtv-branco-pink,126,Motorola Moto G3 16GB 4G Dual HDTV Branco Pink
https://www.trocafone.com/vender/motorola/motorola-moto-g-3a-geracao-hdtv/406-motorola-moto-g3-16gb-4g-dual-hdtv-branco-cabernet,126,Motorola Moto G3 16GB 4G Dual HDTV Branco Cabernet
https://www.trocafone.com/vender/motorola/motorola-moto-g-3a-geracao-hdtv/404-motorola-moto-g3-16gb-4g-dual-hdtv-branco-azul-navy,126,Motorola Moto G3 16GB 4G Dual HDTV Branco Azul Navy
https://www.trocafone.com/vender/motorola/motorola-moto-g-3a-geracao-hdtv/402-motorola-moto-g3-16gb-4g-dual-hdtv-branco-azul,126,Motorola Moto G3 16GB 4G Dual HDTV Branco Azul
https://www.trocafone.com/vender/samsung/tablet-galaxy-tab-s-84-wifi-4g/277-samsung-galaxy-tab-s-84-wi-fi-4g-branco,373,Samsung Galaxy Tab S 8.4 Wi-Fi + 4G Branco
https://www.trocafone.com/vender/motorola/moto-g-2a-geracao/101-motorola-moto-g2-3g-dual-8gb,48,Motorola Moto G2 3G Dual 8GB
https://www.trocafone.com/vender/samsung/galaxy-tab-s2-8-wifi-4g/827-samsung-galaxy-tab-s2-8-wi-fi-4g-branco,377,Samsung Galaxy Tab S2 8 Wi-Fi + 4G Branco
https://www.trocafone.com/vender/samsung/galaxy-tab-s2-97-wifi-4g/829-samsung-galaxy-tab-s2-97-wi-fi-4g-branco,567,Samsung Galaxy Tab S2 9.7 Wi-Fi + 4G Branco
https://www.trocafone.com/vender/motorola/moto-e-2a-geracao-4g-dual/390-motorola-moto-e2-16gb-4g-dual-branco,95,Motorola Moto E2 16GB 4G Dual Branco
https://www.trocafone.com/vender/motorola/moto-e-2a-geracao/388-motorola-moto-e2-16gb-4g-dtv-branco,111,Motorola Moto E2 16GB 4G DTV Branco
https://www.trocafone.com/vender/motorola/motorola-moto-g-3a-geracao/653-motorola-moto-g3-8gb-4g-dual-preto,108,Motorola Moto G3 8GB 4G Dual Preto
https://www.trocafone.com/vender/motorola/motorola-moto-g-3a-geracao/814-motorola-moto-g3-8gb-4g-dual-branco,108,Motorola Moto G3 8GB 4G Dual Branco
https://www.trocafone.com/vender/motorola/motorola-moto-g-3a-geracao/759-motorola-moto-g3-16gb-4g-dual-preto-vermelho,121,Motorola Moto G3 16GB 4G Dual Preto Vermelho
https://www.trocafone.com/vender/motorola/motorola-moto-g-3a-geracao/537-motorola-moto-g3-16gb-4g-dual-preto-verde,121,Motorola Moto G3 16GB 4G Dual Preto Verde
https://www.trocafone.com/vender/motorola/motorola-moto-g-3a-geracao/415-motorola-moto-g3-16gb-4g-dual-preto-pink,121,Motorola Moto G3 16GB 4G Dual Preto Pink
https://www.trocafone.com/vender/motorola/motorola-moto-g-3a-geracao/414-motorola-moto-g3-16gb-4g-dual-preto-cabernet,121,Motorola Moto G3 16GB 4G Dual Preto Cabernet
https://www.trocafone.com/vender/motorola/motorola-moto-g-3a-geracao/413-motorola-moto-g3-16gb-4g-dual-preto-azul-navy,121,Motorola Moto G3 16GB 4G Dual Preto Azul Navy
https://www.trocafone.com/vender/motorola/motorola-moto-g-3a-geracao/412-motorola-moto-g3-16gb-4g-dual-preto-azul,121,Motorola Moto G3 16GB 4G Dual Preto Azul
https://www.trocafone.com/vender/motorola/motorola-moto-g-3a-geracao/536-motorola-moto-g3-16gb-4g-dual-preto,121,Motorola Moto G3 16GB 4G Dual Preto
https://www.trocafone.com/vender/motorola/motorola-moto-g-3a-geracao/758-motorola-moto-g3-16gb-4g-dual-branco-vermelho,121,Motorola Moto G3 16GB 4G Dual Branco Vermelho
https://www.trocafone.com/vender/motorola/motorola-moto-g-3a-geracao/401-motorola-moto-g3-16gb-4g-dual-branco-pink,121,Motorola Moto G3 16GB 4G Dual Branco Pink
https://www.trocafone.com/vender/motorola/motorola-moto-g-3a-geracao/400-motorola-moto-g3-16gb-4g-dual-branco-cabernet,121,Motorola Moto G3 16GB 4G Dual Branco Cabernet
https://www.trocafone.com/vender/motorola/motorola-moto-g-3a-geracao/399-motorola-moto-g3-16gb-4g-dual-branco-azul-navy,121,Motorola Moto G3 16GB 4G Dual Branco Azul Navy
https://www.trocafone.com/vender/motorola/motorola-moto-g-3a-geracao/398-motorola-moto-g3-16gb-4g-dual-branco-azul,121,Motorola Moto G3 16GB 4G Dual Branco Azul
https://www.trocafone.com/vender/motorola/moto-g5-plus/891-motorola-moto-g5-plus-platinum,247,Motorola Moto G5 Plus Platinum
https://www.trocafone.com/vender/motorola/moto-g5-plus/890-motorola-moto-g5-plus-ouro,247,Motorola Moto G5 Plus Ouro
https://www.trocafone.com/vender/motorola/motorola-moto-g-2a-geracao-4g-dual/397-motorola-moto-g2-4g-dual-16gb,68,Motorola Moto G2 4G Dual 16GB
https://www.trocafone.com/vender/motorola/moto-g4-play/742-motorola-moto-g4-play-preto,138,Motorola Moto G4 Play Preto
https://www.trocafone.com/vender/motorola/moto-g4-plus/738-motorola-moto-g4-plus-preto-vermelho,172,Motorola Moto G4 Plus Preto Vermelho
https://www.trocafone.com/vender/motorola/moto-g4-plus/734-motorola-moto-g4-plus-preto,172,Motorola Moto G4 Plus Preto
https://www.trocafone.com/vender/motorola/moto-g4-plus/737-motorola-moto-g4-plus-branco-vermelho,172,Motorola Moto G4 Plus Branco Vermelho
https://www.trocafone.com/vender/motorola/moto-g4-plus/735-motorola-moto-g4-plus-branco,172,Motorola Moto G4 Plus Branco
https://www.trocafone.com/vender/samsung/galaxy-tab-e-7-wifi-3g/822-samsung-galaxy-tab-e-7-wi-fi-3g-branco,88,Samsung Galaxy Tab E 7 Wi-Fi + 3G Branco
https://www.trocafone.com/vender/samsung/galaxy-tab-a-2016-101-wifi-4g/818-samsung-galaxy-tab-a-2016-101-wi-fi-4g-branco,328,Samsung Galaxy Tab A 2016 10.1 Wi-Fi + 4G Branco
https://www.trocafone.com/vender/samsung/galaxy-tab-a-com-spen-8-wifi-4g/815-samsung-galaxy-tab-a-com-s-pen-8-wi-fi-4g-branco,293,Samsung Galaxy Tab A com S Pen 8 Wi-Fi + 4G Branco
https://www.trocafone.com/vender/samsung/galaxy-tab-a-2016-101-wifi-4g/817-samsung-galaxy-tab-a-2016-101-wi-fi-4g-preto,328,Samsung Galaxy Tab A 2016 10.1 Wi-Fi + 4G Preto
https://www.trocafone.com/vender/samsung/galaxy-tab-a-com-spen-8-wifi-4g/816-samsung-galaxy-tab-a-com-s-pen-8-wi-fi-4g-cinza,293,Samsung Galaxy Tab A com S Pen 8 Wi-Fi + 4G Cinza
https://www.trocafone.com/vender/samsung/galaxy-tab-e-7-wifi/819-samsung-galaxy-tab-e-7-wi-fi-preto,49,Samsung Galaxy Tab E 7 Wi-Fi Preto
https://www.trocafone.com/vender/samsung/galaxy-s6-flat/263-samsung-galaxy-s6-flat-branco,285,Samsung Galaxy S6 Flat Branco
https://www.trocafone.com/vender/samsung/galaxy-s7/600-samsung-galaxy-s7-32gb-dourado,418,Samsung Galaxy S7 32GB Dourado
https://www.trocafone.com/vender/samsung/galaxy-s7-edge/831-samsung-galaxy-s7-edge-128gb-black-piano,467,Samsung Galaxy S7 Edge 128GB Black Piano
https://www.trocafone.com/vender/samsung/galaxy-s5-new-edition-duos/478-samsung-galaxy-s5-new-edition-duos-dourado,192,Samsung Galaxy S5 New Edition Duos Dourado
https://www.trocafone.com/vender/samsung/galaxy-s6-edge/257-samsung-galaxy-s6-edge-32gb-branco,362,Samsung Galaxy S6 Edge 32GB Branco
https://www.trocafone.com/vender/samsung/galaxy-s5/125-samsung-galaxy-s5-azul,127,Samsung Galaxy S5 Azul
https://www.trocafone.com/vender/samsung/galaxy-s5-new-edition-duos/476-samsung-galaxy-s5-new-edition-duos-preto,192,Samsung Galaxy S5 New Edition Duos Preto
https://www.trocafone.com/vender/samsung/galaxy-s5-new-edition-duos/477-samsung-galaxy-s5-new-edition-duos-prata,192,Samsung Galaxy S5 New Edition Duos Prata
https://www.trocafone.com/vender/samsung/galaxy-s5-duos/127-samsung-galaxy-s5-duos-azul,140,Samsung Galaxy S5 Duos Azul
https://www.trocafone.com/vender/samsung/galaxy-s6-edge/571-samsung-galaxy-s6-edge-64gb-verde,425,Samsung Galaxy S6 Edge 64GB Verde
https://www.trocafone.com/vender/samsung/galaxy-s4-i9505/753-samsung-galaxy-s4-i9505-azul,48,Samsung Galaxy S4 i9505 Azul
https://www.trocafone.com/vender/samsung/galaxy-s4-i9515/55-samsung-galaxy-s4-i9515-branco,48,Samsung Galaxy S4 i9515 Branco
https://www.trocafone.com/vender/samsung/galaxy-s5/52-samsung-galaxy-s5-preto,127,Samsung Galaxy S5 Preto
https://www.trocafone.com/vender/samsung/galaxy-s3-slim-duos/883-samsung-galaxy-s3-slim-duos-branco,30,Samsung Galaxy S3 Slim Duos Branco
https://www.trocafone.com/vender/samsung/galaxy-s3-i9300/107-samsung-galaxy-s3-i9300-azul,30,Samsung Galaxy S3 I9300 Azul
https://www.trocafone.com/vender/samsung/galaxy-s4-i9505/672-samsung-galaxy-s4-i9505-vermelho,48,Samsung Galaxy S4 i9505 Vermelho
https://www.trocafone.com/vender/samsung/galaxy-s4-i9505/114-samsung-galaxy-s4-i9505-preto,48,Samsung Galaxy S4 i9505 Preto
https://www.trocafone.com/vender/samsung/galaxy-s4-i9505/115-samsung-galaxy-s4-i9505-branco,48,Samsung Galaxy S4 i9505 Branco
https://www.trocafone.com/vender/samsung/galaxy-s3-slim-duos/882-samsung-galaxy-s3-slim-duos-preto,30,Samsung Galaxy S3 Slim Duos Preto
https://www.trocafone.com/vender/samsung/galaxy-s3-i9300/108-samsung-galaxy-s3-i9300-vermelho,30,Samsung Galaxy S3 I9300 Vermelho
https://www.trocafone.com/vender/samsung/galaxy-s3-i9300/221-samsung-galaxy-s3-i9300-preto,30,Samsung Galaxy S3 I9300 Preto
https://www.trocafone.com/vender/samsung/galaxy-s3-i9300/222-samsung-galaxy-s3-i9300-cinza,30,Samsung Galaxy S3 I9300 Cinza
https://www.trocafone.com/vender/samsung/galaxy-s3-i9300/71-samsung-galaxy-s3-i9300-branco,30,Samsung Galaxy S3 I9300 Branco
https://www.trocafone.com/vender/samsung/galaxy-s4-mini/116-samsung-galaxy-s4-mini-preto,30,Samsung Galaxy S4 Mini Preto
https://www.trocafone.com/vender/samsung/galaxy-s4-mini/117-samsung-galaxy-s4-mini-branco,30,Samsung Galaxy S4 Mini Branco
https://www.trocafone.com/vender/samsung/galaxy-s4-mini-duos/910-samsung-galaxy-s4-mini-duos-roxo,30,Samsung Galaxy S4 Mini Duos Roxo
https://www.trocafone.com/vender/samsung/galaxy-s4-mini-duos/357-samsung-galaxy-s4-mini-duos-rosa,30,Samsung Galaxy S4 Mini Duos Rosa
https://www.trocafone.com/vender/samsung/galaxy-s4-mini-duos/119-samsung-galaxy-s4-mini-duos-preto,30,Samsung Galaxy S4 Mini Duos Preto
https://www.trocafone.com/vender/samsung/galaxy-s4-mini-duos/120-samsung-galaxy-s4-mini-duos-branco,30,Samsung Galaxy S4 Mini Duos Branco
https://www.trocafone.com/vender/samsung/galaxy-s4-i9500/902-samsung-galaxy-s4-i9500-roxo,48,Samsung Galaxy S4 i9500 Roxo
https://www.trocafone.com/vender/samsung/galaxy-s4-i9500/113-samsung-galaxy-s4-i9500-preto,48,Samsung Galaxy S4 i9500 Preto
https://www.trocafone.com/vender/samsung/galaxy-s4-i9500/112-samsung-galaxy-s4-i9500-branco,48,Samsung Galaxy S4 i9500 Branco
https://www.trocafone.com/vender/samsung/galaxy-s4-i9515/56-samsung-galaxy-s4-i9515-preto,48,Samsung Galaxy S4 i9515 Preto
https://www.trocafone.com/vender/samsung/galaxy-s4-mini/118-samsung-galaxy-s4-mini-azul,30,Samsung Galaxy S4 Mini Azul
https://www.trocafone.com/vender/samsung/galaxy-s4-mini-duos/121-samsung-galaxy-s4-mini-duos-azul,30,Samsung Galaxy S4 Mini Duos Azul
https://www.trocafone.com/vender/samsung/galaxy-s4-i9500/752-samsung-galaxy-s4-i9500-azul,48,Samsung Galaxy S4 i9500 Azul
https://www.trocafone.com/vender/samsung/galaxy-s5/124-samsung-galaxy-s5-dourado,127,Samsung Galaxy S5 Dourado
https://www.trocafone.com/vender/samsung/galaxy-s5/57-samsung-galaxy-s5-branco,127,Samsung Galaxy S5 Branco
https://www.trocafone.com/vender/samsung/galaxy-s5-duos/58-samsung-galaxy-s5-duos-preto,140,Samsung Galaxy S5 Duos Preto
https://www.trocafone.com/vender/samsung/galaxy-s5-duos/126-samsung-galaxy-s5-duos-dourado,140,Samsung Galaxy S5 Duos Dourado
https://www.trocafone.com/vender/samsung/galaxy-s5-duos/59-samsung-galaxy-s5-duos-branco,140,Samsung Galaxy S5 Duos Branco
https://www.trocafone.com/vender/samsung/galaxy-s5-mini/128-samsung-galaxy-s5-mini-preto,105,Samsung Galaxy S5 Mini Preto
https://www.trocafone.com/vender/samsung/galaxy-s5-mini/130-samsung-galaxy-s5-mini-dourado,105,Samsung Galaxy S5 Mini Dourado
https://www.trocafone.com/vender/samsung/galaxy-s5-mini/129-samsung-galaxy-s5-mini-branco,105,Samsung Galaxy S5 Mini Branco
https://www.trocafone.com/vender/samsung/galaxy-s5-mini-duos/64-samsung-galaxy-s5-mini-duos-preto,75,Samsung Galaxy S5 Mini Duos Preto
https://www.trocafone.com/vender/samsung/galaxy-s5-mini-duos/132-samsung-galaxy-s5-mini-duos-dourado,75,Samsung Galaxy S5 Mini Duos Dourado
https://www.trocafone.com/vender/samsung/galaxy-s5-mini-duos/65-samsung-galaxy-s5-mini-duos-branco,75,Samsung Galaxy S5 Mini Duos Branco
https://www.trocafone.com/vender/samsung/galaxy-s5-new-edition/686-samsung-galaxy-s5-new-edition-preto,187,Samsung Galaxy S5 New Edition Preto
https://www.trocafone.com/vender/samsung/galaxy-s5-new-edition/685-samsung-galaxy-s5-new-edition-prata,187,Samsung Galaxy S5 New Edition Prata
https://www.trocafone.com/vender/samsung/galaxy-s6-edge/261-samsung-galaxy-s6-edge-64gb-preto,425,Samsung Galaxy S6 Edge 64GB Preto
https://www.trocafone.com/vender/samsung/galaxy-s6-edge/262-samsung-galaxy-s6-edge-64gb-dourado,425,Samsung Galaxy S6 Edge 64GB Dourado
https://www.trocafone.com/vender/samsung/galaxy-s6-edge/260-samsung-galaxy-s6-edge-64gb-branco,425,Samsung Galaxy S6 Edge 64GB Branco
https://www.trocafone.com/vender/samsung/galaxy-s6-edge/570-samsung-galaxy-s6-edge-32gb-verde,362,Samsung Galaxy S6 Edge 32GB Verde
https://www.trocafone.com/vender/samsung/galaxy-s6-edge/646-samsung-galaxy-s6-edge-32gb-rosa,362,Samsung Galaxy S6 Edge 32GB Rosa
https://www.trocafone.com/vender/samsung/galaxy-s6-edge/258-samsung-galaxy-s6-edge-32gb-preto,362,Samsung Galaxy S6 Edge 32GB Preto
https://www.trocafone.com/vender/samsung/galaxy-s6-edge/259-samsung-galaxy-s6-edge-32gb-dourado,362,Samsung Galaxy S6 Edge 32GB Dourado
https://www.trocafone.com/vender/samsung/galaxy-s6-edge-plus/505-samsung-galaxy-s6-edge-plus-64gb-preto,463,Samsung Galaxy S6 Edge Plus 64GB Preto
https://www.trocafone.com/vender/samsung/galaxy-s6-edge-plus/506-samsung-galaxy-s6-edge-plus-64gb-dourado,463,Samsung Galaxy S6 Edge Plus 64GB Dourado
https://www.trocafone.com/vender/samsung/galaxy-s6-edge-plus/503-samsung-galaxy-s6-edge-plus-32gb-preto,408,Samsung Galaxy S6 Edge Plus 32GB Preto
https://www.trocafone.com/vender/samsung/galaxy-s6-edge-plus/946-samsung-galaxy-s6-edge-plus-32gb-prata,408,Samsung Galaxy S6 Edge Plus 32GB Prata
https://www.trocafone.com/vender/samsung/galaxy-s5-mini/131-samsung-galaxy-s5-mini-azul,105,Samsung Galaxy S5 Mini Azul
https://www.trocafone.com/vender/samsung/galaxy-s6-edge-plus/504-samsung-galaxy-s6-edge-plus-32gb-dourado,408,Samsung Galaxy S6 Edge Plus 32GB Dourado
https://www.trocafone.com/vender/samsung/galaxy-s6-flat/264-samsung-galaxy-s6-flat-preto,285,Samsung Galaxy S6 Flat Preto
https://www.trocafone.com/vender/samsung/galaxy-s6-flat/265-samsung-galaxy-s6-flat-dourado,285,Samsung Galaxy S6 Flat Dourado
https://www.trocafone.com/vender/samsung/galaxy-s7/599-samsung-galaxy-s7-32gb-prata,418,Samsung Galaxy S7 32GB Prata
https://www.trocafone.com/vender/samsung/galaxy-s5-mini-duos/133-samsung-galaxy-s5-mini-duos-azul,75,Samsung Galaxy S5 Mini Duos Azul
https://www.trocafone.com/vender/samsung/galaxy-s5-new-edition/684-samsung-galaxy-s5-new-edition-dourado,187,Samsung Galaxy S5 New Edition Dourado
https://www.trocafone.com/vender/samsung/galaxy-s7/601-samsung-galaxy-s7-32gb-rosa,418,Samsung Galaxy S7 32GB Rosa
https://www.trocafone.com/vender/samsung/galaxy-s7/597-samsung-galaxy-s7-32gb-preto,418,Samsung Galaxy S7 32GB Preto
https://www.trocafone.com/vender/samsung/galaxy-s7-edge/605-samsung-galaxy-s7-edge-32gb-rosa,425,Samsung Galaxy S7 Edge 32GB Rosa
https://www.trocafone.com/vender/samsung/galaxy-s7-edge/602-samsung-galaxy-s7-edge-32gb-preto,425,Samsung Galaxy S7 Edge 32GB Preto
https://www.trocafone.com/vender/samsung/galaxy-s7-edge/603-samsung-galaxy-s7-edge-32gb-prata,425,Samsung Galaxy S7 Edge 32GB Prata
https://www.trocafone.com/vender/samsung/galaxy-s7-edge/857-samsung-galaxy-s7-edge-32gb-olympic-edition,425,Samsung Galaxy S7 Edge 32GB Olympic Edition
https://www.trocafone.com/vender/samsung/galaxy-s7-edge/604-samsung-galaxy-s7-edge-32gb-dourado,425,Samsung Galaxy S7 Edge 32GB Dourado
https://www.trocafone.com/vender/samsung/galaxy-s7-edge/654-samsung-galaxy-s7-edge-32gb-azul,425,Samsung Galaxy S7 Edge 32GB Azul
https://www.trocafone.com/vender/samsung/tablet-galaxy-tab-4-101-wifi/274-samsung-galaxy-tab-4-101-wi-fi-preto,188,Samsung Galaxy Tab 4 10.1 Wi-Fi Preto
https://www.trocafone.com/vender/samsung/tablet-galaxy-tab-4-101-wifi-3g/271-samsung-galaxy-tab-4-101-wi-fi-3g-branco,263,Samsung Galaxy Tab 4 10.1 Wi-Fi + 3G Branco
https://www.trocafone.com/vender/samsung/tablet-galaxy-tab-4-101-wifi/273-samsung-galaxy-tab-4-101-wi-fi-branco,188,Samsung Galaxy Tab 4 10.1 Wi-Fi Branco
https://www.trocafone.com/vender/samsung/galaxy-tab-e-7-wifi/820-samsung-galaxy-tab-e-7-wi-fi-branco,49,Samsung Galaxy Tab E 7 Wi-Fi Branco
https://www.trocafone.com/vender/samsung/galaxy-tab-e-7-wifi-3g/821-samsung-galaxy-tab-e-7-wi-fi-3g-preto,88,Samsung Galaxy Tab E 7 Wi-Fi + 3G Preto
https://www.trocafone.com/vender/samsung/tablet-galaxy-tab-4-101-wifi-3g/272-samsung-galaxy-tab-4-101-wi-fi-3g-preto,263,Samsung Galaxy Tab 4 10.1 Wi-Fi + 3G Preto
https://www.trocafone.com/vender/samsung/samsung-galaxy-s-3-neo-duos-i9300i/524-samsung-galaxy-s3-neo-duos-i9300i-branco,45,Samsung Galaxy S3 Neo Duos i9300i Branco
https://www.trocafone.com/vender/samsung/samsung-galaxy-s-3-neo-duos-i9300i/523-samsung-galaxy-s3-neo-duos-i9300i-azul,45,Samsung Galaxy S3 Neo Duos i9300i Azul
https://www.trocafone.com/vender/samsung/galaxy-s3-duos/886-samsung-galaxy-s3-duos-azul,30,Samsung Galaxy S3 Duos Azul
https://www.trocafone.com/vender/samsung/galaxy-note-5/442-samsung-galaxy-note-5-preto,433,Samsung Galaxy Note 5 Preto
https://www.trocafone.com/vender/samsung/galaxy-note-5/441-samsung-galaxy-note-5-prata,433,Samsung Galaxy Note 5 Prata
https://www.trocafone.com/vender/samsung/galaxy-on-7/765-samsung-galaxy-on-7-8gb-preto,58,Samsung Galaxy On 7 8GB Preto
https://www.trocafone.com/vender/samsung/galaxy-on-7/850-samsung-galaxy-on-7-8gb-dourado,58,Samsung Galaxy On 7 8GB Dourado
https://www.trocafone.com/vender/samsung/galaxy-on-7/655-samsung-galaxy-on-7-16gb-preto,62,Samsung Galaxy On 7 16GB Preto
https://www.trocafone.com/vender/samsung/galaxy-j7-prime/658-samsung-galaxy-j7-prime-dourado,183,Samsung Galaxy J7 Prime Dourado
https://www.trocafone.com/vender/samsung/galaxy-note-ii-n7100/876-samsung-galaxy-note-ii-n7100-azul,48,Samsung Galaxy Note II N7100 Azul
https://www.trocafone.com/vender/samsung/galaxy-j5-2016-metal/766-samsung-galaxy-j5-2016-metal-branco,128,Samsung Galaxy J5 2016 Metal Branco
https://www.trocafone.com/vender/samsung/galaxy-note-4/858-samsung-galaxy-note-4-dourado,247,Samsung Galaxy Note 4 Dourado
https://www.trocafone.com/vender/samsung/galaxy-note-4-edge/266-samsung-galaxy-note-edge-branco,331,Samsung Galaxy Note Edge Branco
https://www.trocafone.com/vender/samsung/galaxy-j7/447-samsung-galaxy-j7-branco,130,Samsung Galaxy J7 Branco
https://www.trocafone.com/vender/samsung/galaxy-note-4/224-samsung-galaxy-note-4-preto,247,Samsung Galaxy Note 4 Preto
https://www.trocafone.com/vender/samsung/galaxy-j5-prime/660-samsung-galaxy-j5-prime-dourado,70,Samsung Galaxy J5 Prime Dourado
https://www.trocafone.com/vender/samsung/samsung-galaxy-j2-4g-duos/586-samsung-galaxy-j2-4g-8gb-preto,30,Samsung Galaxy J2 4G 8GB Preto
https://www.trocafone.com/vender/samsung/galaxy-note-5/944-samsung-galaxy-note-5-branco,433,Samsung Galaxy Note 5 Branco
https://www.trocafone.com/vender/samsung/galaxy-note-4-edge/267-samsung-galaxy-note-edge-preto,331,Samsung Galaxy Note Edge Preto
https://www.trocafone.com/vender/samsung/galaxy-note-5/443-samsung-galaxy-note-5-dourado,433,Samsung Galaxy Note 5 Dourado
https://www.trocafone.com/vender/samsung/galaxy-j2-prime-tv/662-samsung-galaxy-j2-prime-tv-dourado,48,Samsung Galaxy J2 Prime TV Dourado
https://www.trocafone.com/vender/samsung/galaxy-s3-mini/110-samsung-galaxy-s3-mini-azul,30,Samsung Galaxy S3 Mini Azul
https://www.trocafone.com/vender/samsung/samsung-galaxy-j2-4g-duos/587-samsung-galaxy-j2-4g-8gb-dourado,30,Samsung Galaxy J2 4G 8GB Dourado
https://www.trocafone.com/vender/samsung/galaxy-j5/445-samsung-galaxy-j5-preto,48,Samsung Galaxy J5 Preto
https://www.trocafone.com/vender/samsung/galaxy-j5/446-samsung-galaxy-j5-dourado,48,Samsung Galaxy J5 Dourado
https://www.trocafone.com/vender/samsung/galaxy-j2-prime-tv/663-samsung-galaxy-j2-prime-tv-rosa,48,Samsung Galaxy J2 Prime TV Rosa
https://www.trocafone.com/vender/samsung/galaxy-j2-prime-tv/661-samsung-galaxy-j2-prime-tv-preto,48,Samsung Galaxy J2 Prime TV Preto
https://www.trocafone.com/vender/samsung/samsung-galaxy-j2-4g-duos/585-samsung-galaxy-j2-4g-8gb-branco,30,Samsung Galaxy J2 4G 8GB Branco
https://www.trocafone.com/vender/samsung/samsung-galaxy-j3/517-samsung-galaxy-j3-sm-j320m-preto,49,Samsung Galaxy J3 SM-J320M Preto
https://www.trocafone.com/vender/samsung/samsung-galaxy-j3/519-samsung-galaxy-j3-sm-j320m-dourado,49,Samsung Galaxy J3 SM-J320M Dourado
https://www.trocafone.com/vender/samsung/samsung-galaxy-j2-4g-duos-tv/582-samsung-galaxy-j2-4g-duos-tv-8gb-branco,30,Samsung Galaxy J2 4G Duos TV 8GB Branco
https://www.trocafone.com/vender/samsung/galaxy-s3-mini/942-samsung-galaxy-s3-mini-vermelho,30,Samsung Galaxy S3 Mini Vermelho
https://www.trocafone.com/vender/samsung/galaxy-s3-mini/109-samsung-galaxy-s3-mini-preto,30,Samsung Galaxy S3 Mini Preto
https://www.trocafone.com/vender/samsung/galaxy-s3-mini/438-samsung-galaxy-s3-mini-cinza,30,Samsung Galaxy S3 Mini Cinza
https://www.trocafone.com/vender/samsung/galaxy-s3-mini/111-samsung-galaxy-s3-mini-branco,30,Samsung Galaxy S3 Mini Branco
https://www.trocafone.com/vender/samsung/galaxy-j5-prime/943-samsung-galaxy-j5-prime-rosa,70,Samsung Galaxy J5 Prime Rosa
https://www.trocafone.com/vender/samsung/galaxy-j5-prime/659-samsung-galaxy-j5-prime-preto,70,Samsung Galaxy J5 Prime Preto
https://www.trocafone.com/vender/samsung/samsung-galaxy-j2-4g-duos-tv/583-samsung-galaxy-j2-4g-duos-tv-8gb-preto,30,Samsung Galaxy J2 4G Duos TV 8GB Preto
https://www.trocafone.com/vender/samsung/samsung-galaxy-j2-4g-duos-tv/584-samsung-galaxy-j2-4g-duos-tv-8gb-dourado,30,Samsung Galaxy J2 4G Duos TV 8GB Dourado
https://www.trocafone.com/vender/samsung/galaxy-j5/444-samsung-galaxy-j5-branco,48,Samsung Galaxy J5 Branco
https://www.trocafone.com/vender/samsung/galaxy-j7-2016-metal/771-samsung-galaxy-j7-2016-metal-preto,152,Samsung Galaxy J7 2016 Metal Preto
https://www.trocafone.com/vender/samsung/galaxy-j7-2016-metal/770-samsung-galaxy-j7-2016-metal-dourado,152,Samsung Galaxy J7 2016 Metal Dourado
https://www.trocafone.com/vender/samsung/samsung-galaxy-j3/518-samsung-galaxy-j3-sm-j320m-branco,49,Samsung Galaxy J3 SM-J320M Branco
https://www.trocafone.com/vender/samsung/galaxy-note-3/755-samsung-galaxy-note-3-32gb-rosa,68,Samsung Galaxy Note 3 32GB Rosa
https://www.trocafone.com/vender/samsung/galaxy-note-3/137-samsung-galaxy-note-3-32gb-preto,68,Samsung Galaxy Note 3 32GB Preto
https://www.trocafone.com/vender/samsung/galaxy-note-3/63-samsung-galaxy-note-3-32gb-branco,68,Samsung Galaxy Note 3 32GB Branco
https://www.trocafone.com/vender/samsung/galaxy-note-3/861-samsung-galaxy-note-3-16gb-rosa,65,Samsung Galaxy Note 3 16GB Rosa
https://www.trocafone.com/vender/samsung/galaxy-note-3/860-samsung-galaxy-note-3-16gb-preto,65,Samsung Galaxy Note 3 16GB Preto
https://www.trocafone.com/vender/samsung/galaxy-j7-2016-metal/769-samsung-galaxy-j7-2016-metal-branco,152,Samsung Galaxy J7 2016 Metal Branco
https://www.trocafone.com/vender/samsung/galaxy-j7-prime/848-samsung-galaxy-j7-prime-rosa,183,Samsung Galaxy J7 Prime Rosa
https://www.trocafone.com/vender/samsung/galaxy-j7-prime/657-samsung-galaxy-j7-prime-preto,183,Samsung Galaxy J7 Prime Preto
https://www.trocafone.com/vender/samsung/galaxy-note-3/859-samsung-galaxy-note-3-16gb-branco,65,Samsung Galaxy Note 3 16GB Branco
https://www.trocafone.com/vender/samsung/galaxy-note-ii-n7100/135-samsung-galaxy-note-ii-n7100-cinza,48,Samsung Galaxy Note II N7100 Cinza
https://www.trocafone.com/vender/samsung/galaxy-note-ii-n7100/136-samsung-galaxy-note-ii-n7100-branco,48,Samsung Galaxy Note II N7100 Branco
https://www.trocafone.com/vender/samsung/galaxy-j5-2016-metal/768-samsung-galaxy-j5-2016-metal-preto,128,Samsung Galaxy J5 2016 Metal Preto
https://www.trocafone.com/vender/samsung/galaxy-j5-2016-metal/767-samsung-galaxy-j5-2016-metal-dourado,128,Samsung Galaxy J5 2016 Metal Dourado
https://www.trocafone.com/vender/samsung/galaxy-j7/448-samsung-galaxy-j7-preto,130,Samsung Galaxy J7 Preto
https://www.trocafone.com/vender/samsung/galaxy-j7/449-samsung-galaxy-j7-dourado,130,Samsung Galaxy J7 Dourado
https://www.trocafone.com/vender/samsung/galaxy-on-7/656-samsung-galaxy-on-7-16gb-dourado,62,Samsung Galaxy On 7 16GB Dourado
https://www.trocafone.com/vender/samsung/galaxy-note-4/225-samsung-galaxy-note-4-branco,247,Samsung Galaxy Note 4 Branco
https://www.trocafone.com/vender/samsung/galaxy-s3-duos/887-samsung-galaxy-s3-duos-branco,30,Samsung Galaxy S3 Duos Branco
https://www.trocafone.com/vender/samsung/samsung-galaxy-note-3-neo-duos/520-samsung-galaxy-note-3-neo-duos-branco,44,Samsung Galaxy Note 3 Neo Duos Branco
https://www.trocafone.com/vender/samsung/samsung-galaxy-note-3-neo-duos/521-samsung-galaxy-note-3-neo-duos-preto,44,Samsung Galaxy Note 3 Neo Duos Preto
https://www.trocafone.com/vender/samsung/galaxy-core-2-duos/471-samsung-galaxy-core-2-duos-preto,30,Samsung Galaxy Core 2 Duos Preto
https://www.trocafone.com/vender/samsung/galaxy-core-2-duos/470-samsung-galaxy-core-2-duos-branco,30,Samsung Galaxy Core 2 Duos Branco
https://www.trocafone.com/vender/samsung/galaxy-core-plus-duos-tv/467-samsung-galaxy-core-plus-duos-tv-preto,40,Samsung Galaxy Core Plus Duos TV Preto
https://www.trocafone.com/vender/samsung/e7/252-samsung-galaxy-e7-branco,155,Samsung Galaxy E7 Branco
https://www.trocafone.com/vender/samsung/galaxy-gan-2-duos-tv/881-samsung-galaxy-gran-2-duos-tv-preto,50,Samsung Galaxy Gran 2 Duos TV Preto
https://www.trocafone.com/vender/samsung/galaxy-core-plus-duos-tv/466-samsung-galaxy-core-plus-duos-tv-branco,40,Samsung Galaxy Core Plus Duos TV Branco
https://www.trocafone.com/vender/samsung/galaxy-e5-4g-duos/872-samsung-galaxy-e5-4g-duos-preto,128,Samsung Galaxy E5 4G Duos Preto
https://www.trocafone.com/vender/samsung/galaxy-e5-4g-duos/873-samsung-galaxy-e5-4g-duos-branco,128,Samsung Galaxy E5 4G Duos Branco
https://www.trocafone.com/vender/samsung/e7/253-samsung-galaxy-e7-preto,155,Samsung Galaxy E7 Preto
https://www.trocafone.com/vender/samsung/galaxy-a9-pro-2016/868-samsung-galaxy-a9-pro-2016-preto,337,Samsung Galaxy A9 Pro 2016 Preto
https://www.trocafone.com/vender/samsung/galaxy-a9-pro-2016/869-samsung-galaxy-a9-pro-2016-dourado,337,Samsung Galaxy A9 Pro 2016 Dourado
https://www.trocafone.com/vender/samsung/a5/645-samsung-galaxy-a5-rosa,128,Samsung Galaxy A5 Rosa
https://www.trocafone.com/vender/samsung/galaxy-a5-2017/776-samsung-galaxy-a5-2017-preto,300,Samsung Galaxy A5 2017 Preto
https://www.trocafone.com/vender/samsung/galaxy-gan-2-duos-tv/880-samsung-galaxy-gran-2-duos-tv-branco,50,Samsung Galaxy Gran 2 Duos TV Branco
https://www.trocafone.com/vender/samsung/galaxy-a5-2017/775-samsung-galaxy-a5-2017-dourado,300,Samsung Galaxy A5 2017 Dourado
https://www.trocafone.com/vender/samsung/a5/875-samsung-galaxy-a5-prata,128,Samsung Galaxy A5 Prata
https://www.trocafone.com/vender/samsung/galaxy-a5-2017/1008-samsung-galaxy-a5-2017-azul,300,Samsung Galaxy A5 2017 Azul
https://www.trocafone.com/vender/samsung/galaxy-a5-2017/777-samsung-galaxy-a5-2017-rosa,300,Samsung Galaxy A5 2017 Rosa
https://www.trocafone.com/vender/iphone/6/169-iphone-6-128gb-cinza-espacial,654,iPhone 6 128GB Cinza Espacial
https://www.trocafone.com/vender/samsung/galaxy-a5-2016/668-samsung-galaxy-a5-2016-rosa,226,Samsung Galaxy A5 2016 Rosa
https://www.trocafone.com/vender/iphone/iphone-5s/38-iphone-5s-16gb-cinza-espacial,290,iPhone 5S 16GB Cinza Espacial
https://www.trocafone.com/vender/samsung/galaxy-a5-2016/666-samsung-galaxy-a5-2016-preto,226,Samsung Galaxy A5 2016 Preto
https://www.trocafone.com/vender/samsung/galaxy-a5-2016/667-samsung-galaxy-a5-2016-dourado,226,Samsung Galaxy A5 2016 Dourado
https://www.trocafone.com/vender/iphone/6/165-iphone-6-64gb-prateado,592,iPhone 6 64GB Prateado
https://www.trocafone.com/vender/iphone/iphone-4s/17-iphone-4s-16gb-branco,40,iPhone 4S 16GB Branco
https://www.trocafone.com/vender/iphone/iphone-5/23-iphone-5-16gb-branco,140,iPhone 5 16GB Branco
https://www.trocafone.com/vender/iphone/iphone-5c/156-iphone-5c-32gb-azul,126,Iphone 5C 32GB Azul
https://www.trocafone.com/vender/iphone/6/167-iphone-6-64gb-dourado,592,iPhone 6 64GB Dourado
https://www.trocafone.com/vender/iphone/6/166-iphone-6-64gb-cinza-espacial,592,iPhone 6 64GB Cinza Espacial
https://www.trocafone.com/vender/iphone/6/162-iphone-6-16gb-prateado,565,iPhone 6 16GB Prateado
https://www.trocafone.com/vender/iphone/iphone-4s/14-iphone-4s-8gb-preto,40,iPhone 4S 8GB Preto
https://www.trocafone.com/vender/iphone/iphone-4s/15-iphone-4s-8gb-branco,40,iPhone 4S 8GB Branco
https://www.trocafone.com/vender/samsung/a3-duos/233-samsung-galaxy-a3-duos-preto,117,Samsung Galaxy A3 Duos Preto
https://www.trocafone.com/vender/iphone/iphone-4s/21-iphone-4s-64gb-branco,40,iPhone 4S 64GB Branco
https://www.trocafone.com/vender/iphone/iphone-4s/16-iphone-4s-16gb-preto,40,iPhone 4S 16GB Preto
https://www.trocafone.com/vender/samsung/a3-duos/573-samsung-galaxy-a3-duos-dourado,117,Samsung Galaxy A3 Duos Dourado
https://www.trocafone.com/vender/samsung/a3-duos/572-samsung-galaxy-a3-duos-branco,117,Samsung Galaxy A3 Duos Branco
https://www.trocafone.com/vender/iphone/iphone-4s/20-iphone-4s-64gb-preto,40,iPhone 4S 64GB Preto
https://www.trocafone.com/vender/iphone/iphone-4s/18-iphone-4s-32gb-preto,40,iPhone 4S 32GB Preto
https://www.trocafone.com/vender/iphone/iphone-4s/19-iphone-4s-32gb-branco,40,iPhone 4S 32GB Branco
https://www.trocafone.com/vender/iphone/iphone-5/24-iphone-5-32gb-preto,146,iPhone 5 32GB Preto
https://www.trocafone.com/vender/iphone/iphone-5/26-iphone-5-64gb-preto,150,iPhone 5 64GB Preto
https://www.trocafone.com/vender/iphone/iphone-5/25-iphone-5-32gb-branco,146,iPhone 5 32GB Branco
https://www.trocafone.com/vender/iphone/iphone-5/22-iphone-5-16gb-preto,140,iPhone 5 16GB Preto
https://www.trocafone.com/vender/iphone/iphone-5c/290-iphone-5c-8gb-verde,118,iPhone 5C 8GB Verde
https://www.trocafone.com/vender/iphone/iphone-5/27-iphone-5-64gb-branco,150,iPhone 5 64GB Branco
https://www.trocafone.com/vender/iphone/iphone-5c/289-iphone-5c-8gb-rosa,118,iPhone 5C 8GB Rosa
https://www.trocafone.com/vender/iphone/iphone-5c/288-iphone-5c-8gb-branco,118,iPhone 5C 8GB Branco
https://www.trocafone.com/vender/iphone/iphone-5c/287-iphone-5c-8gb-azul,118,iPhone 5C 8GB Azul
https://www.trocafone.com/vender/iphone/iphone-5c/286-iphone-5c-8gb-amarelo,118,iPhone 5C 8GB Amarelo
https://www.trocafone.com/vender/iphone/iphone-5c/36-iphone-5c-32gb-verde,126,iPhone 5C 32GB Verde
https://www.trocafone.com/vender/iphone/iphone-5c/34-iphone-5c-32gb-rosa,126,iPhone 5C 32GB Rosa
https://www.trocafone.com/vender/iphone/iphone-5c/33-iphone-5c-32gb-branco,126,iPhone 5C 32GB Branco
https://www.trocafone.com/vender/iphone/iphone-5c/35-iphone-5c-32gb-amarelo,126,iPhone 5C 32GB Amarelo
https://www.trocafone.com/vender/iphone/iphone-5c/32-iphone-5c-16gb-verde,120,iPhone 5C 16GB Verde
https://www.trocafone.com/vender/iphone/iphone-5c/29-iphone-5c-16gb-rosa,120,iPhone 5C 16GB Rosa
https://www.trocafone.com/vender/iphone/iphone-5c/28-iphone-5c-16gb-branco,120,iPhone 5C 16GB Branco
https://www.trocafone.com/vender/iphone/iphone-5c/31-iphone-5c-16gb-azul,120,iPhone 5C 16GB Azul
https://www.trocafone.com/vender/iphone/iphone-5c/30-iphone-5c-16gb-amarelo,120,iPhone 5C 16GB Amarelo
https://www.trocafone.com/vender/iphone/6/164-iphone-6-16gb-dourado,565,iPhone 6 16GB Dourado
https://www.trocafone.com/vender/iphone/6/163-iphone-6-16gb-cinza-espacial,565,iPhone 6 16GB Cinza Espacial
https://www.trocafone.com/vender/iphone/6/168-iphone-6-128gb-prateado,654,iPhone 6 128GB Prateado
https://www.trocafone.com/vender/iphone/iphone-5s/45-iphone-5s-64gb-dourado,321,iPhone 5S 64GB Dourado
https://www.trocafone.com/vender/iphone/iphone-5s/44-iphone-5s-64gb-cinza-espacial,321,iPhone 5S 64GB Cinza Espacial
https://www.trocafone.com/vender/iphone/iphone-5s/40-iphone-5s-32gb-prateado,312,iPhone 5S 32GB Prateado
https://www.trocafone.com/vender/iphone/iphone-5s/42-iphone-5s-32gb-dourado,312,iPhone 5S 32GB Dourado
https://www.trocafone.com/vender/iphone/iphone-5s/41-iphone-5s-32gb-cinza-espacial,312,iPhone 5S 32GB Cinza Espacial
https://www.trocafone.com/vender/iphone/iphone-5s/37-iphone-5s-16gb-prateado,290,iPhone 5S 16GB Prateado
https://www.trocafone.com/vender/iphone/6/170-iphone-6-128gb-dourado,654,iPhone 6 128GB Dourado
https://www.trocafone.com/vender/iphone/iphone-5s/43-iphone-5s-64gb-prateado,321,iPhone 5S 64GB Prateado
https://www.trocafone.com/vender/iphone/iphone-5s/39-iphone-5s-16gb-dourado,290,iPhone 5S 16GB Dourado
https://www.trocafone.com/vender/samsung/galaxy-a7-2016/671-samsung-galaxy-a7-2016-rosa,275,Samsung Galaxy A7 2016 Rosa
https://www.trocafone.com/vender/samsung/galaxy-a7-2016/669-samsung-galaxy-a7-2016-preto,275,Samsung Galaxy A7 2016 Preto
https://www.trocafone.com/vender/samsung/galaxy-a7-2016/670-samsung-galaxy-a7-2016-dourado,275,Samsung Galaxy A7 2016 Dourado
https://www.trocafone.com/vender/samsung/galaxy-a7-2017/774-samsung-galaxy-a7-2017-rosa,336,Samsung Galaxy A7 2017 Rosa
https://www.trocafone.com/vender/samsung/galaxy-a7-2017/772-samsung-galaxy-a7-2017-preto,336,Samsung Galaxy A7 2017 Preto
https://www.trocafone.com/vender/samsung/galaxy-a7-2017/773-samsung-galaxy-a7-2017-dourado,336,Samsung Galaxy A7 2017 Dourado
https://www.trocafone.com/vender/samsung/a5/249-samsung-galaxy-a5-preto,128,Samsung Galaxy A5 Preto
https://www.trocafone.com/vender/samsung/a7/231-samsung-galaxy-a7-preto,231,Samsung Galaxy A7 Preto
https://www.trocafone.com/vender/samsung/a7/369-samsung-galaxy-a7-dourado,231,Samsung Galaxy A7 Dourado
https://www.trocafone.com/vender/samsung/a5/251-samsung-galaxy-a5-dourado,128,Samsung Galaxy A5 Dourado
https://www.trocafone.com/vender/samsung/a7/232-samsung-galaxy-a7-branco,231,Samsung Galaxy A7 Branco
https://www.trocafone.com/vender/samsung/a5/250-samsung-galaxy-a5-branco,128,Samsung Galaxy A5 Branco
